name,datetime,tempmax,tempmin,temp,feelslikemax,feelslikemin,feelslike,dew,humidity,precip,precipprob,precipcover,preciptype,snow,snowdepth,windgust,windspeed,winddir,sealevelpressure,cloudcover,visibility,solarradiation,solarenergy,uvindex,severerisk,sunrise,sunset,moonphase,conditions,description,icon,stations
guwahati,2007-01-01,22.4,12.9,17.8,22.4,12.9,17.8,14,79.7,0,0,0,,,,,0,,1014.8,53.8,2.3,,,,,2007-01-01T06:10:27,2007-01-01T16:42:12,0.42,Partially cloudy,Partly cloudy throughout the day.,partly-cloudy-day,42410099999
guwahati,2007-01-02,22.1,12.9,16.8,22.1,12.9,16.8,12.5,78.1,0,0,0,,,,,5.4,50,1015.6,32.9,1.7,,,,,2007-01-02T06:10:44,2007-01-02T16:42:52,0.45,Partially cloudy,Partly cloudy throughout the day.,partly-cloudy-day,42410099999
guwahati,2007-01-03,21.2,10.7,15.2,21.2,10.7,15.2,12.6,86.2,0,0,0,,,,,7.6,50,1014.8,22.9,1.3,,,,,2007-01-03T06:10:59,2007-01-03T16:43:33,0.5,Partially cloudy,Partly cloudy throughout the day.,partly-cloudy-day,42410099999
guwahati,2007-01-04,20.9,10.1,15,20.9,10.1,15,13.2,89.9,0,0,0,,,,,7.6,360,1014.4,38,1.2,,,,,2007-01-04T06:11:13,2007-01-04T16:44:14,0.52,Partially cloudy,Partly cloudy throughout the day.,partly-cloudy-day,42410099999
guwahati,2007-01-05,17.7,11.9,15.3,17.7,11.9,15.3,14,92.5,0,0,0,,,,,7.6,50,1016,50,1.2,,,,,2007-01-05T06:11:26,2007-01-05T16:44:57,0.55,Partially cloudy,Partly cloudy throughout the day.,partly-cloudy-day,42410099999
guwahati,2007-01-06,22.1,12.1,15.5,22.1,12.1,15.5,14.1,92.2,0,0,0,,,,,7.6,20,1017.2,18,0.8,,,,,2007-01-06T06:11:37,2007-01-06T16:45:39,0.59,Clear,Clear conditions throughout the day.,fog,42410099999
guwahati,2007-01-07,19.9,11.9,15.5,19.9,11.9,15.5,14,91.3,0,0,0,,,,,0,,1016.1,31.7,1,,,,,2007-01-07T06:11:47,2007-01-07T16:46:23,0.62,Partially cloudy,Partly cloudy throughout the day.,partly-cloudy-day,42410099999
guwahati,2007-01-08,22.4,13.9,17.7,22.4,13.9,17.7,15.1,86.1,0,0,0,,,,,7.6,360,1016.5,48.6,1.6,,,,,2007-01-08T06:11:55,2007-01-08T16:47:07,0.65,Partially cloudy,Partly cloudy throughout the day.,partly-cloudy-day,42410099999
guwahati,2007-01-09,21.9,12.9,17.3,21.9,12.9,17.3,14.2,82.8,204,100,4.17,rain,,,,0,,1016.9,30,1.7,,,,,2007-01-09T06:12:02,2007-01-09T16:47:51,0.68,"Rain, Partially cloudy",Partly cloudy throughout the day with rain in the morning and afternoon.,rain,42410099999
guwahati,2007-01-10,24.9,12.4,17.9,24.9,12.4,17.9,13.7,79.4,0,0,0,,,,,0,,1016.4,28.8,1.8,,,,,2007-01-10T06:12:07,2007-01-10T16:48:36,0.71,Partially cloudy,Partly cloudy throughout the day.,partly-cloudy-day,42410099999
guwahati,2007-01-11,22.4,14.1,16.8,22.4,14.1,16.8,13.8,84,0,0,0,,,,,0,,1016.3,18.6,1.7,,,,,2007-01-11T06:12:11,2007-01-11T16:49:21,0.75,Clear,Clear conditions throughout the day.,clear-day,42410099999
guwahati,2007-01-12,24.7,13.1,17.6,24.7,13.1,17.6,12.9,76.9,0,0,0,,,,,0,,1015.5,22.5,2.3,,,,,2007-01-12T06:12:13,2007-01-12T16:50:06,0.78,Partially cloudy,Partly cloudy throughout the day.,partly-cloudy-day,42410099999
guwahati,2007-01-13,23.4,12.4,16.8,23.4,12.4,16.8,11.4,76.1,0,0,0,,,,,9.4,295,1014.7,12.5,2.8,,,,,2007-01-13T06:12:14,2007-01-13T16:50:52,0.81,Clear,Clear conditions throughout the day.,clear-day,42410099999
guwahati,2007-01-14,20.4,7.7,13.6,20.4,7.7,13.6,8.7,75.4,0,0,0,,,,,0,,1016,20,1.3,,,,,2007-01-14T06:12:13,2007-01-14T16:51:38,0.84,Clear,Partly cloudy throughout the day.,clear-day,42410099999
guwahati,2007-01-15,22.4,8.1,13.5,22.4,8.1,13.5,8.9,76.6,0,0,0,,,,,0,,1015.5,12.9,1.7,,,,,2007-01-15T06:12:11,2007-01-15T16:52:24,0.87,Clear,Clear conditions throughout the day.,clear-day,42410099999
guwahati,2007-01-16,21.1,8.7,13.9,21.1,8.7,13.9,9.8,78.7,0,0,0,,,,,7.6,32.4,1016.1,11.3,1.9,,,,,2007-01-16T06:12:07,2007-01-16T16:53:11,0.91,Clear,Clear conditions throughout the day.,clear-day,42410099999
guwahati,2007-01-17,22.4,8.4,14.6,22.4,8.4,14.6,9.4,74.7,0,0,0,,,,,9.4,30.9,1017.5,15,1.6,,,,,2007-01-17T06:12:02,2007-01-17T16:53:58,0.94,Clear,Clear conditions throughout the day.,clear-day,42410099999
guwahati,2007-01-18,22.9,8.7,14.3,22.9,8.7,14.3,9.3,75.4,0,0,0,,,,,7.6,50,1017.2,31.3,1.9,,,,,2007-01-18T06:11:55,2007-01-18T16:54:44,0.97,Partially cloudy,Becoming cloudy in the afternoon.,partly-cloudy-day,42410099999
guwahati,2007-01-19,20.9,9.1,13.6,20.9,9.1,13.6,9.8,79.3,0,0,0,,,,,7.6,20,1015.1,14.3,1.7,,,,,2007-01-19T06:11:46,2007-01-19T16:55:31,0,Clear,Clear conditions throughout the day.,clear-day,42410099999
guwahati,2007-01-20,22.2,9.4,15.4,22.2,9.4,15.4,10.4,74.7,0,0,0,,,,,0,,1014.6,31.3,2.1,,,,,2007-01-20T06:11:37,2007-01-20T16:56:18,0.04,Partially cloudy,Partly cloudy throughout the day.,partly-cloudy-day,42410099999
guwahati,2007-01-21,21.4,11.4,15.6,21.4,11.4,15.6,11.7,79.3,0,0,0,,,,,0,,1015.4,64.3,2.3,,,,,2007-01-21T06:11:25,2007-01-21T16:57:05,0.07,Partially cloudy,Partly cloudy throughout the day.,partly-cloudy-day,42410099999
guwahati,2007-01-22,20.7,10.7,14.9,20.7,10.7,14.9,11.3,80.8,0,0,0,,,,,14.8,50,1017.4,60,1.5,,,,,2007-01-22T06:11:12,2007-01-22T16:57:52,0.11,Partially cloudy,Partly cloudy throughout the day.,partly-cloudy-day,42410099999
guwahati,2007-01-23,23.7,9.2,14.7,23.7,9.2,14.7,10.2,78.5,0,0,0,,,,,11.2,20,1018.5,22.9,1.9,,,,,2007-01-23T06:10:58,2007-01-23T16:58:39,0.15,Partially cloudy,Partly cloudy throughout the day.,partly-cloudy-day,42410099999
guwahati,2007-01-24,22.1,8.7,15.2,22.1,8.7,15.2,11.9,82.1,0,0,0,,,,,9.4,20,1018.2,21.7,1.5,,,,,2007-01-24T06:10:42,2007-01-24T16:59:26,0.18,Partially cloudy,Partly cloudy throughout the day.,partly-cloudy-day,42410099999
guwahati,2007-01-25,25.4,10.4,16.9,25.4,10.4,16.9,11.9,76.1,0,0,0,,,,,7.6,216.3,1015.9,16.3,2.1,,,,,2007-01-25T06:10:25,2007-01-25T17:00:13,0.22,Clear,Clear conditions throughout the day.,clear-day,42410099999
guwahati,2007-01-26,25.9,10.9,16.2,25.9,10.9,16.2,11.8,79.1,0,0,0,,,,,7.6,50,1015.6,15.7,1.9,,,,,2007-01-26T06:10:06,2007-01-26T17:00:59,0.25,Clear,Clear conditions throughout the day.,clear-day,42410099999
guwahati,2007-01-27,23.9,10.9,17.2,23.9,10.9,17.2,12.1,74.9,0,0,0,,,,,7.6,20,1017.5,6.7,1.8,,,,,2007-01-27T06:09:46,2007-01-27T17:01:46,0.29,Clear,Clear conditions throughout the day.,clear-day,42410099999
guwahati,2007-01-28,28.2,11.2,20.6,27.6,11.2,20.4,11.9,62.8,0,0,0,,,,,5.4,50,1017,16.7,2.2,,,,,2007-01-28T06:09:24,2007-01-28T17:02:32,0.32,Clear,Clear conditions throughout the day.,clear-day,42410099999
guwahati,2007-01-29,27.2,12.7,19.3,26.9,12.7,19.3,12.8,70,0,0,0,,,,,7.6,37.6,1015.8,28.6,2.7,,,,,2007-01-29T06:09:01,2007-01-29T17:03:18,0.36,Partially cloudy,Partly cloudy throughout the day.,partly-cloudy-day,42410099999
guwahati,2007-01-30,27.9,13.7,20,27.5,13.7,19.9,14.1,72.2,0,0,0,,,,,7.6,83,1016.2,27.5,2.4,,,,,2007-01-30T06:08:37,2007-01-30T17:04:04,0.39,Partially cloudy,Partly cloudy throughout the day.,partly-cloudy-day,42410099999
guwahati,2007-01-31,24.4,14.7,19.6,24.4,14.7,19.6,14.7,74.8,0,0,0,,,,,7.6,50,1016.1,71.3,1.9,,,,,2007-01-31T06:08:11,2007-01-31T17:04:49,0.43,Partially cloudy,Partly cloudy throughout the day.,partly-cloudy-day,42410099999
guwahati,2007-02-01,26.4,15.4,19.8,26.4,15.4,19.8,14.3,73.8,0,0,0,,,,,3.6,360,1016.2,28.8,2.3,,,,,2007-02-01T06:07:43,2007-02-01T17:05:35,0.47,Partially cloudy,Partly cloudy throughout the day.,partly-cloudy-day,42410099999
guwahati,2007-02-02,26.2,14.4,19.7,26.2,14.4,19.7,14.9,76.1,0,0,0,,,,,9.4,360,1017,37.5,1.8,,,,,2007-02-02T06:07:15,2007-02-02T17:06:20,0.5,Partially cloudy,Partly cloudy throughout the day.,partly-cloudy-day,42410099999
guwahati,2007-02-03,24.1,14.4,18.6,24.1,14.4,18.6,15.4,83,5,100,4.17,rain,,,,7.6,360,1016.5,61.3,1.9,,,,,2007-02-03T06:06:45,2007-02-03T17:07:04,0.53,"Rain, Partially cloudy",Partly cloudy throughout the day with rain.,rain,42410099999
guwahati,2007-02-04,18.7,15.9,17.3,18.7,15.9,17.3,15.9,91.7,3.7,100,8.33,rain,,,,11.2,53.4,1013.9,93.8,1.4,,,,,2007-02-04T06:06:14,2007-02-04T17:07:49,0.57,"Rain, Overcast",Cloudy skies throughout the day with rain in the morning and afternoon.,rain,42410099999
guwahati,2007-02-05,19.2,16.1,17.3,19.2,16.1,17.3,15.8,90.8,19,100,12.5,rain,,,,11.2,50,1013.3,98.8,1.8,,,,,2007-02-05T06:05:41,2007-02-05T17:08:33,0.6,"Rain, Overcast",Cloudy skies throughout the day with rain.,rain,42410099999
guwahati,2007-02-06,18.4,15.2,16.9,18.4,15.2,16.9,15.5,91.5,3,100,4.17,rain,,,,9.4,50,1015.1,90,1.8,,,,,2007-02-06T06:05:07,2007-02-06T17:09:16,0.63,"Rain, Partially cloudy",Partly cloudy throughout the day with rain clearing later.,rain,42410099999
guwahati,2007-02-07,20.9,14.9,17.1,20.9,14.9,17.1,15,88,21,100,4.17,rain,,,,7.6,50,1016.5,76.7,1.9,,,,,2007-02-07T06:04:32,2007-02-07T17:09:59,0.66,"Rain, Partially cloudy",Partly cloudy throughout the day with rain.,rain,42410099999
guwahati,2007-02-08,19.4,14.1,16.6,19.4,14.1,16.6,15,90.4,8,100,8.33,rain,,,,11.2,104.8,1017.6,73.8,2.5,,,,,2007-02-08T06:03:56,2007-02-08T17:10:42,0.7,"Rain, Partially cloudy",Partly cloudy throughout the day with a chance of rain throughout the day.,rain,42410099999
guwahati,2007-02-09,24.2,13.1,18.6,24.2,13.1,18.6,14.5,78.9,0,0,0,,,,,9.4,50,1018.4,51.7,2.3,,,,,2007-02-09T06:03:18,2007-02-09T17:11:25,0.73,Partially cloudy,Partly cloudy throughout the day.,partly-cloudy-day,42410099999
guwahati,2007-02-10,26.2,12.9,19.6,26.2,12.9,19.6,14.2,74,0,0,0,,,,,11.2,50,1016.9,32.5,2.5,,,,,2007-02-10T06:02:39,2007-02-10T17:12:07,0.75,Partially cloudy,Partly cloudy throughout the day.,partly-cloudy-day,42410099999
guwahati,2007-02-11,26.9,14.4,20.1,27.3,14.4,20.1,15.6,77.7,0,0,0,,,,,14.8,33.6,1015.2,56.3,2.6,,,,,2007-02-11T06:01:59,2007-02-11T17:12:49,0.79,Partially cloudy,Partly cloudy throughout the day.,partly-cloudy-day,42410099999
guwahati,2007-02-12,23.1,15.4,19,23.1,15.4,19,16,84.1,0.8,100,4.17,rain,,,,5.4,343.4,1014,71.3,2.6,,,,,2007-02-12T06:01:18,2007-02-12T17:13:30,0.82,"Rain, Partially cloudy",Partly cloudy throughout the day with rain.,rain,42410099999
guwahati,2007-02-13,20.2,14.1,17.5,20.2,14.1,17.5,15.8,90.5,0.4,100,4.17,rain,,,,9.4,68.6,1014.1,80,1.1,,,,,2007-02-13T06:00:36,2007-02-13T17:14:11,0.86,"Rain, Partially cloudy",Partly cloudy throughout the day with late afternoon rain.,rain,42410099999
guwahati,2007-02-14,20.4,15.2,16.9,20.4,15.2,16.9,14.9,88.4,19.6,100,16.67,rain,,,,14.8,57.7,1013,93.8,2.3,,,,,2007-02-14T05:59:52,2007-02-14T17:14:51,0.89,"Rain, Overcast",Cloudy skies throughout the day with a chance of rain throughout the day.,rain,42410099999
guwahati,2007-02-15,23.1,14.9,17.7,23.1,14.9,17.7,12.9,75.2,0,0,0,,,,,11.2,274.8,1012.9,71.3,3,,,,,2007-02-15T05:59:08,2007-02-15T17:15:31,0.92,Partially cloudy,Partly cloudy throughout the day.,partly-cloudy-day,42410099999
guwahati,2007-02-16,20.1,13.2,16.1,20.1,13.2,16.1,12,77.9,7,100,4.17,rain,,,,14.8,63.3,1013.9,57.5,2.6,,,,,2007-02-16T05:58:23,2007-02-16T17:16:11,0.95,"Rain, Partially cloudy",Partly cloudy throughout the day with late afternoon rain.,rain,42410099999
guwahati,2007-02-17,21.2,12.1,16.7,21.2,12.1,16.7,12.8,78.6,0,0,0,,,,,9.4,55.8,1015.2,48.8,2.8,,,,,2007-02-17T05:57:36,2007-02-17T17:16:50,0,Partially cloudy,Partly cloudy throughout the day.,partly-cloudy-day,42410099999
guwahati,2007-02-18,23.1,13.2,17,23.1,13.2,17,12.1,75,0,0,0,,,,,9.4,33.4,1015.7,27.5,2.1,,,,,2007-02-18T05:56:49,2007-02-18T17:17:28,0.02,Partially cloudy,Partly cloudy throughout the day.,partly-cloudy-day,42410099999
guwahati,2007-02-19,24.2,11.2,17,24.2,11.2,17,12.6,77.2,0,0,0,,,,,9.4,30.9,1015.6,15,2.5,,,,,2007-02-19T05:56:00,2007-02-19T17:18:07,0.06,Clear,Clear conditions throughout the day.,clear-day,42410099999
guwahati,2007-02-20,25.7,12.7,18.6,25.7,12.7,18.6,12.2,70.1,0,0,0,,,,,9.4,33.4,1014.6,15,2.8,,,,,2007-02-20T05:55:11,2007-02-20T17:18:44,0.09,Clear,Clear conditions throughout the day.,clear-day,42410099999
guwahati,2007-02-21,26.7,12.2,18.9,26.7,12.2,18.9,12.1,68.7,0,0,0,,,,,9.4,41.1,1014.2,10,2.6,,,,,2007-02-21T05:54:21,2007-02-21T17:19:22,0.13,Clear,Clear conditions throughout the day.,clear-day,42410099999
guwahati,2007-02-22,27.1,12.1,19.6,26.5,12.1,19.6,11.8,65.8,0,0,0,,,,,9.4,11.1,1011.9,11.3,2.6,,,,,2007-02-22T05:53:29,2007-02-22T17:19:59,0.16,Clear,Clear conditions throughout the day.,clear-day,42410099999
guwahati,2007-02-23,28.1,13.1,20.1,27.2,13.1,20,12.2,65,0,0,0,,,,,9.4,65.9,1011.2,21.3,2.8,,,,,2007-02-23T05:52:37,2007-02-23T17:20:35,0.2,Partially cloudy,Partly cloudy throughout the day.,partly-cloudy-day,42410099999
guwahati,2007-02-24,29.1,13.4,20.5,27.7,13.4,20.3,12.3,64.7,0,0,0,,,,,7.6,0,1011.4,12.5,3,,,,,2007-02-24T05:51:45,2007-02-24T17:21:11,0.25,Clear,Clear conditions throughout the day.,clear-day,42410099999
guwahati,2007-02-25,28.9,14.4,21.4,28.2,14.4,21.3,14.3,68.2,3,100,4.17,rain,,,,7.6,17.1,1010.1,25,2.4,,,,,2007-02-25T05:50:51,2007-02-25T17:21:47,0.27,"Rain, Partially cloudy",Partly cloudy throughout the day with late afternoon rain.,rain,42410099999
guwahati,2007-02-26,25.4,17.1,21,25.4,17.1,21,15.9,74.9,0,0,0,,,,,18.4,315.6,1010.4,72.5,2.8,,,,,2007-02-26T05:49:56,2007-02-26T17:22:23,0.3,Partially cloudy,Partly cloudy throughout the day.,partly-cloudy-day,42410099999
guwahati,2007-02-27,26.4,14.7,20.6,26.4,14.7,20.6,14.9,72.7,0,0,0,,,,,7.6,338.6,1012.8,45,3.9,,,,,2007-02-27T05:49:01,2007-02-27T17:22:57,0.34,Partially cloudy,Partly cloudy throughout the day.,partly-cloudy-day,42410099999
guwahati,2007-02-28,26.9,16.4,20.5,27.1,16.4,20.6,15.6,76.2,0,0,0,,,,,11.2,33.7,1012.9,23.3,2.5,,,,,2007-02-28T05:48:05,2007-02-28T17:23:32,0.37,Partially cloudy,Partly cloudy throughout the day.,partly-cloudy-day,42410099999
guwahati,2007-03-01,26.4,16.1,20.4,26.4,16.1,20.4,16,77.7,0,0,0,,,,,9.4,89,1011.3,75,2.8,,,,,2007-03-01T05:47:09,2007-03-01T17:24:06,0.41,Partially cloudy,Partly cloudy throughout the day.,partly-cloudy-day,42410099999
guwahati,2007-03-02,21.2,17.1,18.7,21.2,17.1,18.7,16.9,89.5,6,100,4.17,rain,,,,5.4,205,1011.3,87.5,2.1,,,,,2007-03-02T05:46:12,2007-03-02T17:24:40,0.44,"Rain, Partially cloudy",Partly cloudy throughout the day with afternoon rain.,rain,42410099999
guwahati,2007-03-03,26.1,15.4,20.5,26.1,15.4,20.5,15.6,76.3,0,0,0,,,,,7.6,50,1013.3,61.3,9.6,,,,,2007-03-03T05:45:14,2007-03-03T17:25:13,0.48,Partially cloudy,Partly cloudy throughout the day.,partly-cloudy-day,42410099999
guwahati,2007-03-04,27.1,16.4,21.3,27.1,16.4,21.3,15.4,72.3,0,0,0,,,,,7.6,5.5,1012.1,40,2.8,,,,,2007-03-04T05:44:15,2007-03-04T17:25:46,0.5,Partially cloudy,Partly cloudy throughout the day.,partly-cloudy-day,42410099999
guwahati,2007-03-05,26.4,16.4,20.9,26.4,16.4,20.9,14.8,70.3,0,0,0,,,,,7.6,291.9,1011.8,30,2.9,,,,,2007-03-05T05:43:16,2007-03-05T17:26:19,0.54,Partially cloudy,Partly cloudy throughout the day.,partly-cloudy-day,42410099999
guwahati,2007-03-06,29.1,17.1,22.1,27.5,17.1,21.7,11.3,58.6,0,0,0,,,,,9.4,286.1,1009.7,32.9,2.9,,,,,2007-03-06T05:42:17,2007-03-06T17:26:51,0.58,Partially cloudy,Partly cloudy throughout the day.,partly-cloudy-day,42410099999
guwahati,2007-03-07,28.4,13.1,20.4,27.1,13.1,20.2,9.6,56.4,0,0,0,,,,,11.2,258.8,1008.7,12.9,3.1,,,,,2007-03-07T05:41:16,2007-03-07T17:27:23,0.61,Clear,Clear conditions throughout the day.,clear-day,42410099999
guwahati,2007-03-08,25.4,12.9,18,25.4,12.9,18,10,64.3,0,0,0,,,,,7.6,360,1011.5,12,2.8,,,,,2007-03-08T05:40:16,2007-03-08T17:27:55,0.64,Clear,Clear conditions throughout the day.,clear-day,42410099999
guwahati,2007-03-09,27.1,14.1,19.6,26.5,14.1,19.5,11.8,64.1,0,0,0,,,,,7.6,275.1,1012.7,10,2.3,,,,,2007-03-09T05:39:15,2007-03-09T17:28:27,0.68,Clear,Clear conditions throughout the day.,clear-day,42410099999
guwahati,2007-03-10,30.1,15.4,22.4,28.8,15.4,22.2,13.4,61.4,0,0,0,,,,,0,,1012.9,14.3,2.3,,,,,2007-03-10T05:38:13,2007-03-10T17:28:58,0.71,Clear,Clear conditions throughout the day.,clear-day,42410099999
guwahati,2007-03-11,31.4,15.4,23,30.6,15.4,22.8,14.8,64.6,0,0,0,,,,,9.4,25,1012.5,41.3,2,,,,,2007-03-11T05:37:11,2007-03-11T17:29:29,0.74,Partially cloudy,Partly cloudy throughout the day.,partly-cloudy-day,42410099999
guwahati,2007-03-12,28.1,17.4,23.4,28.4,17.4,23.4,16.1,65.6,0,0,0,,,,,14.8,29.2,1014.6,57.1,2.6,,,,,2007-03-12T05:36:09,2007-03-12T17:29:59,0.75,Partially cloudy,Partly cloudy throughout the day.,partly-cloudy-day,42410099999
guwahati,2007-03-13,31.4,18.1,24.9,31.1,18.1,24.8,16,61,0,0,0,,,,,9.4,351.2,1012.7,31.4,2.6,,,,,2007-03-13T05:35:07,2007-03-13T17:30:30,0.81,Partially cloudy,Partly cloudy throughout the day.,partly-cloudy-day,42410099999
guwahati,2007-03-14,29.7,18.4,22.9,28.6,18.4,22.8,15,64.1,0,0,0,,,,,11.2,246.7,1011,50,2.5,,,,,2007-03-14T05:34:04,2007-03-14T17:31:00,0.84,Partially cloudy,Partly cloudy throughout the day.,partly-cloudy-day,42410099999
guwahati,2007-03-15,30.7,16.1,23.9,29.3,16.1,23.7,13.9,57.3,0,0,0,,,,,22.3,243.4,1008.2,31.3,3,,,,,2007-03-15T05:33:00,2007-03-15T17:31:30,0.87,Partially cloudy,Partly cloudy throughout the day.,partly-cloudy-day,42410099999
guwahati,2007-03-16,28.1,16.1,22.2,26.9,16.1,22,10.6,52.9,0,0,0,,,,,14.8,279.9,1009.7,23.8,3,,,,,2007-03-16T05:31:57,2007-03-16T17:31:59,0.91,Partially cloudy,Partly cloudy throughout the day.,partly-cloudy-day,42410099999
guwahati,2007-03-17,28.4,12.9,20.5,27.2,12.9,20.3,10.5,58.7,0,0,0,,,,,9.4,17.4,1011.7,7.5,2.5,,,,,2007-03-17T05:30:53,2007-03-17T17:32:29,0.94,Clear,Clear conditions throughout the day.,clear-day,42410099999
guwahati,2007-03-18,30.1,14.9,22.6,28.4,14.9,22.1,10.4,51.4,0,0,0,,,,,9.4,50,1009.4,8,2.8,,,,,2007-03-18T05:29:49,2007-03-18T17:32:58,0.97,Clear,Clear conditions throughout the day.,clear-day,42410099999
guwahati,2007-03-19,31.4,13.7,22.1,30.1,13.7,21.6,12,59.4,0,0,0,,,,,11.2,19.9,1009.8,32.5,2.3,,,,,2007-03-19T05:28:45,2007-03-19T17:33:27,0,Partially cloudy,Partly cloudy throughout the day.,partly-cloudy-day,42410099999
guwahati,2007-03-20,31.7,15.4,23.3,31.3,15.4,23.2,14.8,62.5,0,0,0,,,,,7.6,318.2,1010.9,32.5,2,,,,,2007-03-20T05:27:41,2007-03-20T17:33:56,0.04,Partially cloudy,Partly cloudy throughout the day.,partly-cloudy-day,42410099999
guwahati,2007-03-21,31.2,18.1,24,30.6,18.1,24,15.9,63.2,1,100,4.17,rain,,,,9.4,221.1,1010.6,67.5,2,,,,,2007-03-21T05:26:36,2007-03-21T17:34:25,0.07,"Rain, Partially cloudy",Partly cloudy throughout the day with late afternoon rain.,rain,42410099999
guwahati,2007-03-22,23.4,18.9,21.3,23.4,18.9,21.3,18.3,83.5,7,100,8.33,rain,,,,11.2,55.3,1011.4,86.3,2.3,,,,,2007-03-22T05:25:32,2007-03-22T17:34:54,0.11,"Rain, Partially cloudy",Partly cloudy throughout the day with rain.,rain,42410099999
guwahati,2007-03-23,26.9,19.7,22.8,28.1,19.7,22.9,19.7,83.7,11.5,100,12.5,rain,,,,0,,1010.8,81.3,2.4,,,,,2007-03-23T05:24:27,2007-03-23T17:35:23,0.14,"Rain, Partially cloudy",Partly cloudy throughout the day with a chance of rain throughout the day.,rain,42410099999
guwahati,2007-03-24,30.1,20.1,24.7,32,20.1,25.5,20.1,77.2,0,0,0,,,,,7.6,25,1009,67.1,2.1,,,,,2007-03-24T05:23:23,2007-03-24T17:35:51,0.18,Partially cloudy,Partly cloudy throughout the day.,partly-cloudy-day,42410099999
guwahati,2007-03-25,32.4,18.4,25.2,31.5,18.4,24.9,15.3,58.3,0,0,0,,,,,9.4,260.3,1006,22.5,3,,,,,2007-03-25T05:22:18,2007-03-25T17:36:19,0.25,Partially cloudy,Partly cloudy throughout the day.,partly-cloudy-day,42410099999
guwahati,2007-03-26,31.1,19.4,24.2,29.5,19.4,23.8,13.9,56.6,0,0,0,,,,,9.4,307.8,1008.2,8.6,2.9,,,,,2007-03-26T05:21:14,2007-03-26T17:36:48,0.25,Clear,Clear conditions throughout the day.,clear-day,42410099999
guwahati,2007-03-27,32.1,16.4,24,30.8,16.4,23.7,14.6,60.4,0,0,0,,,,,9.4,56.1,1011.1,22.5,3,,,,,2007-03-27T05:20:09,2007-03-27T17:37:16,0.28,Partially cloudy,Partly cloudy throughout the day.,partly-cloudy-day,42410099999
guwahati,2007-03-28,33.4,18.1,25.3,31.6,18.1,25,15,57.7,0,0,0,,,,,14.8,30.9,1011.1,10,2.8,,,,,2007-03-28T05:19:05,2007-03-28T17:37:44,0.31,Clear,Clear conditions throughout the day.,clear-day,42410099999
guwahati,2007-03-29,34.9,18.1,26.2,34.2,18.1,26.1,16.1,58.3,0,0,0,,,,,11.2,360,1010,0,2.8,,,,,2007-03-29T05:18:00,2007-03-29T17:38:13,0.35,Clear,Clear conditions throughout the day.,clear-day,42410099999
guwahati,2007-03-30,35.1,19.1,27.2,34.9,19.1,27.2,17.7,60.3,0,0,0,,,,,7.6,317.8,1010,0,2.3,,,,,2007-03-30T05:16:56,2007-03-30T17:38:41,0.38,Clear,Clear conditions throughout the day.,clear-day,42410099999
guwahati,2007-03-31,34.1,21.7,27.9,34.7,21.7,28.4,18.6,59.9,0,0,0,,,,,0,,1009.8,28.8,2.5,,,,,2007-03-31T05:15:52,2007-03-31T17:39:09,0.42,Partially cloudy,Partly cloudy throughout the day.,partly-cloudy-day,42410099999
guwahati,2007-04-01,34.2,21.2,27.6,34.5,21.2,27.9,18.9,62.3,0,0,0,,,,,5.4,270,1007.3,58.8,2.8,,,,,2007-04-01T05:14:48,2007-04-01T17:39:37,0.45,Partially cloudy,Partly cloudy throughout the day.,partly-cloudy-day,42410099999
guwahati,2007-04-02,33.1,23.4,27.7,35.6,23.4,28.9,20.7,67.1,0.9,100,4.17,rain,,,,9.4,22,1004.1,46.3,2.1,,,,,2007-04-02T05:13:44,2007-04-02T17:40:05,0.5,"Rain, Partially cloudy",Partly cloudy throughout the day with rain clearing later.,rain,42410099999
guwahati,2007-04-03,32.1,21.9,26.1,34.5,21.9,26.8,19.4,68,0,0,0,,,,,11.2,48,1004.6,20,2.3,,,,,2007-04-03T05:12:40,2007-04-03T17:40:34,0.52,Clear,Partly cloudy throughout the day.,clear-day,42410099999
guwahati,2007-04-04,31.1,20.4,25.6,32.1,20.4,26,18.5,66.5,0,0,0,,,,,13,49.2,1008.2,13.8,3,,,,,2007-04-04T05:11:37,2007-04-04T17:41:02,0.55,Clear,Clear conditions throughout the day.,clear-day,42410099999
guwahati,2007-04-05,30.4,21.1,25.2,31.9,21.1,25.7,19.4,72.4,13,100,4.17,rain,,,,11.2,65.6,1010.1,57.5,3,,,,,2007-04-05T05:10:34,2007-04-05T17:41:30,0.59,"Rain, Partially cloudy",Partly cloudy throughout the day with late afternoon rain.,rain,42410099999
guwahati,2007-04-06,26.9,20.4,23.7,28.2,20.4,23.8,19.4,77.8,0,0,0,,,,,11.2,48.6,1010.1,81.4,2.4,,,,,2007-04-06T05:09:31,2007-04-06T17:41:58,0.62,Partially cloudy,Partly cloudy throughout the day.,partly-cloudy-day,42410099999
guwahati,2007-04-07,25.1,20.4,22.4,25.1,20.4,22.4,19.4,83.6,1.8,100,8.33,rain,,,,11.2,41.3,1009.6,65.7,2.3,,,,,2007-04-07T05:08:29,2007-04-07T17:42:27,0.65,"Rain, Partially cloudy",Partly cloudy throughout the day with a chance of rain throughout the day.,rain,42410099999
guwahati,2007-04-08,24.1,20.9,22.1,24.1,20.9,22.1,19.7,86.8,56,100,16.67,rain,,,,9.4,340,1007.5,78.8,2.5,,,,,2007-04-08T05:07:27,2007-04-08T17:42:55,0.69,"Rain, Partially cloudy",Partly cloudy throughout the day with rain.,rain,42410099999
guwahati,2007-04-09,27.1,19.9,22.8,28.8,19.9,23,19.5,82.1,16,100,8.33,rain,,,,11.2,42.4,1008,71.3,3,,,,,2007-04-09T05:06:25,2007-04-09T17:43:24,0.72,"Rain, Partially cloudy",Partly cloudy throughout the day with rain clearing later.,rain,42410099999
guwahati,2007-04-10,22.9,19.1,21,22.9,19.1,21,18.4,85.4,24.2,100,12.5,rain,,,,11.2,62.7,1010.1,91.3,3.3,,,,,2007-04-10T05:05:24,2007-04-10T17:43:52,0.75,"Rain, Overcast",Cloudy skies throughout the day with a chance of rain throughout the day.,rain,42410099999
guwahati,2007-04-11,21.1,19.4,20,21.1,19.4,20,18.3,90.1,7.2,100,12.5,rain,,,,11.2,53.2,1009.9,97.1,2.9,,,,,2007-04-11T05:04:23,2007-04-11T17:44:21,0.79,"Rain, Overcast",Cloudy skies throughout the day with a chance of rain throughout the day.,rain,42410099999
guwahati,2007-04-12,26.1,19.1,22.3,26.1,19.1,22.3,17.8,76.4,0,0,0,,,,,14.8,59.5,1009.5,70,4.5,,,,,2007-04-12T05:03:22,2007-04-12T17:44:50,0.82,Partially cloudy,Partly cloudy throughout the day.,partly-cloudy-day,42410099999
guwahati,2007-04-13,30.1,17.9,24.7,30.8,17.9,25,18,67.9,0,0,0,,,,,9.4,50,1010.2,63.8,3.8,,,,,2007-04-13T05:02:23,2007-04-13T17:45:19,0.86,Partially cloudy,Partly cloudy throughout the day.,partly-cloudy-day,42410099999
guwahati,2007-04-14,33.1,20.4,26.5,34.1,20.4,27,19,66.6,0,0,0,,,,,9.4,32.5,1011.1,45.7,3.4,,,,,2007-04-14T05:01:23,2007-04-14T17:45:48,0.89,Partially cloudy,Partly cloudy throughout the day.,partly-cloudy-day,42410099999
guwahati,2007-04-15,33.7,21.2,28.9,36.8,21.2,31.1,21.2,65.2,0,0,0,,,,,11.2,345.7,1009.9,18.6,3.1,,,,,2007-04-15T05:00:24,2007-04-15T17:46:17,0.93,Clear,Clear conditions throughout the day.,clear-day,42410099999
guwahati,2007-04-16,34.7,22.7,29.3,37.6,22.7,31.6,21.5,65.3,0.3,100,4.17,rain,,,,11.2,255.8,1008,44.3,3.4,,,,,2007-04-16T04:59:26,2007-04-16T17:46:47,0.96,"Rain, Partially cloudy",Partly cloudy throughout the day with late afternoon rain.,rain,42410099999
guwahati,2007-04-17,32.1,24.4,28.2,34.7,24.4,29.6,20.9,66,0,0,0,,,,,9.4,96.2,1009.1,62.9,4,,,,,2007-04-17T04:58:28,2007-04-17T17:47:16,0,Partially cloudy,Partly cloudy throughout the day.,partly-cloudy-day,42410099999
guwahati,2007-04-18,32.7,23.1,27,36.3,23.1,28.6,21.8,74.7,0,0,0,,,,,7.6,20,1010.5,36.7,3,,,,,2007-04-18T04:57:31,2007-04-18T17:47:46,0.03,Partially cloudy,Partly cloudy throughout the day.,partly-cloudy-day,42410099999
guwahati,2007-04-19,35.1,22.7,27.9,40.9,22.7,29.1,21.6,71.7,13,100,4.17,rain,,,,11.2,282.1,1008.8,31.4,3.1,,,,,2007-04-19T04:56:34,2007-04-19T17:48:16,0.06,"Rain, Partially cloudy",Partly cloudy throughout the day with rain.,rain,42410099999
guwahati,2007-04-20,31.7,23.9,27.6,36,23.9,29.4,21.9,72,0,0,0,,,,,7.6,22.5,1007.7,61.3,3.3,,,,,2007-04-20T04:55:38,2007-04-20T17:48:46,0.09,Partially cloudy,Partly cloudy throughout the day.,partly-cloudy-day,42410099999
guwahati,2007-04-21,32.4,23.4,26.9,37.1,23.4,28.1,21,72.3,7,100,12.5,rain,,,,7.6,332.1,1006,72.5,3.8,,,,,2007-04-21T04:54:43,2007-04-21T17:49:16,0.13,"Rain, Partially cloudy",Partly cloudy throughout the day with rain.,rain,42410099999
guwahati,2007-04-22,30.4,21.1,26.1,33.1,21.1,27.1,20.4,72.1,3,100,4.17,rain,,,,7.6,340,1005.5,58.8,3.5,,,,,2007-04-22T04:53:49,2007-04-22T17:49:46,0.16,"Rain, Partially cloudy",Clearing in the afternoon with rain clearing later.,rain,42410099999
guwahati,2007-04-23,28.4,21.4,25.1,30.1,21.4,25.8,20.8,77.9,49,100,8.33,rain,,,,14.8,90.5,1005.4,75,3.2,,,,,2007-04-23T04:52:55,2007-04-23T17:50:16,0.19,"Rain, Partially cloudy",Partly cloudy throughout the day with rain.,rain,42410099999
guwahati,2007-04-24,26.1,20.1,22.4,26.1,20.1,22.4,19.6,84.7,33,100,16.67,rain,,,,14.8,32.4,1007.4,86.7,3,,,,,2007-04-24T04:52:02,2007-04-24T17:50:47,0.25,"Rain, Partially cloudy",Partly cloudy throughout the day with a chance of rain throughout the day.,rain,42410099999
guwahati,2007-04-25,26.7,19.1,22.8,26.7,19.1,22.8,19.6,82.7,16,100,8.33,rain,,,,14.8,52.4,1008.2,75,3.5,,,,,2007-04-25T04:51:10,2007-04-25T17:51:18,0.26,"Rain, Partially cloudy",Partly cloudy throughout the day with a chance of rain throughout the day.,rain,42410099999
guwahati,2007-04-26,29.1,21.4,25,31.8,21.4,26,20.9,79.2,10,100,4.17,rain,,,,11.2,52.8,1008.8,61.4,4,,,,,2007-04-26T04:50:18,2007-04-26T17:51:48,0.29,"Rain, Partially cloudy",Partly cloudy throughout the day with rain clearing later.,rain,42410099999
guwahati,2007-04-27,25.4,18.9,22,25.4,18.9,22,19,83.8,31.4,100,12.5,rain,,,,22.3,61.6,1010.5,82.5,3.3,,,,,2007-04-27T04:49:27,2007-04-27T17:52:19,0.33,"Rain, Partially cloudy",Partly cloudy throughout the day with rain.,rain,42410099999
guwahati,2007-04-28,28.1,20.4,24.6,29.9,20.4,25.1,20.1,77.3,0,0,0,,,,,11.2,47.3,1010.2,65.7,3.4,,,,,2007-04-28T04:48:38,2007-04-28T17:52:51,0.36,Partially cloudy,Partly cloudy throughout the day.,partly-cloudy-day,42410099999
guwahati,2007-04-29,32.1,23.4,27.9,34.7,23.4,29.8,21.7,70.6,0,0,0,,,,,11.2,25.1,1009.5,48.8,3.8,,,,,2007-04-29T04:47:49,2007-04-29T17:53:22,0.39,Partially cloudy,Partly cloudy throughout the day.,partly-cloudy-day,42410099999
guwahati,2007-04-30,33.1,24.1,29.2,36.3,24.1,31.1,21.7,65.9,0,0,0,,,,,9.4,23,1009.6,40,4,,,,,2007-04-30T04:47:01,2007-04-30T17:53:53,0.43,Partially cloudy,Partly cloudy throughout the day.,partly-cloudy-day,42410099999
guwahati,2007-05-01,35.1,23.4,29.9,38.8,23.4,32.6,21.9,64.4,0,0,0,,,,,11.2,270,1009.1,35,4,,,,,2007-05-01T04:46:13,2007-05-01T17:54:25,0.46,Partially cloudy,Partly cloudy throughout the day.,partly-cloudy-day,42410099999
guwahati,2007-05-02,35.4,25.1,30,40.3,25.1,33.5,23.3,69.4,0,0,0,,,,,7.6,5.5,1006.8,21.3,4,,,,,2007-05-02T04:45:27,2007-05-02T17:54:57,0.5,Partially cloudy,Partly cloudy throughout the day.,partly-cloudy-day,42410099999
guwahati,2007-05-03,36.1,24.4,29.7,42.2,24.4,32.5,22.3,66.2,0,0,0,,,,,7.6,250,1004.9,30,4,,,,,2007-05-03T04:44:42,2007-05-03T17:55:28,0.53,Partially cloudy,Partly cloudy throughout the day.,partly-cloudy-day,42410099999
guwahati,2007-05-04,35.7,24.4,29.9,42.6,24.4,33.6,23.6,70.7,0,0,0,,,,,7.6,284.6,1005.2,37.5,4,,,,,2007-05-04T04:43:57,2007-05-04T17:56:00,0.56,Partially cloudy,Partly cloudy throughout the day.,partly-cloudy-day,42410099999
guwahati,2007-05-05,36.4,25.2,31.1,41.2,25.2,34.7,23.3,66,0,0,0,,,,,7.6,50,1004.5,21.3,4,,,,,2007-05-05T04:43:14,2007-05-05T17:56:33,0.6,Partially cloudy,Partly cloudy throughout the day.,partly-cloudy-day,42410099999
guwahati,2007-05-06,34.7,26.1,29.1,42.3,26.1,32.4,23.9,74.8,0,0,0,,,,,3.6,50,1004.6,20,4,,,,,2007-05-06T04:42:32,2007-05-06T17:57:05,0.63,Clear,Partly cloudy throughout the day.,clear-day,42410099999
guwahati,2007-05-07,32.1,22.4,27.3,35.5,22.4,28.7,21.5,71.6,8,100,4.17,rain,,,,11.2,29.3,1003.8,68.8,3.8,,,,,2007-05-07T04:41:50,2007-05-07T17:57:37,0.67,"Rain, Partially cloudy",Partly cloudy throughout the day with rain clearing later.,rain,42410099999
guwahati,2007-05-08,34.7,25.1,28.2,39.2,25.1,29.8,22.5,73.3,0.7,100,4.17,rain,,,,5.4,325,1003.9,51.3,4,,,,,2007-05-08T04:41:10,2007-05-08T17:58:09,0.7,"Rain, Partially cloudy",Partly cloudy throughout the day with rain.,rain,42410099999
guwahati,2007-05-09,32.4,25.1,27,38.6,25.1,28.7,23.7,82.8,18,100,8.33,rain,,,,14.8,39.8,1005,88.6,3.7,,,,,2007-05-09T04:40:31,2007-05-09T17:58:42,0.74,"Rain, Partially cloudy",Partly cloudy throughout the day with rain.,rain,42410099999
guwahati,2007-05-10,31.4,25.1,27.8,36.6,25.1,30.6,23.6,78.6,0,0,0,,,,,9.4,257.9,1004.2,75,4,,,,,2007-05-10T04:39:53,2007-05-10T17:59:14,0.75,Partially cloudy,Partly cloudy throughout the day.,partly-cloudy-day,42410099999
guwahati,2007-05-11,30.4,25.2,27.7,36.3,25.2,30.4,23.5,78.4,0,0,0,,,,,11.2,13.6,1003.9,78.8,3.8,,,,,2007-05-11T04:39:16,2007-05-11T17:59:47,0.81,Partially cloudy,Partly cloudy throughout the day.,partly-cloudy-day,42410099999
guwahati,2007-05-12,32.1,24.4,28.8,38,24.4,32.5,23.7,74.9,0,0,0,,,,,9.4,50,1005.4,51.3,4,,,,,2007-05-12T04:38:40,2007-05-12T18:00:19,0.84,Partially cloudy,Partly cloudy throughout the day.,partly-cloudy-day,42410099999
guwahati,2007-05-13,31.9,26.1,28.7,36.6,26.1,32.1,23.8,76.2,0,0,0,,,,,11.2,58.1,1004,71.4,4,,,,,2007-05-13T04:38:05,2007-05-13T18:00:52,0.88,Partially cloudy,Partly cloudy throughout the day.,partly-cloudy-day,42410099999
guwahati,2007-05-14,30.7,22.4,26.7,35.1,22.4,28.1,22.1,76.3,0.5,100,4.17,rain,,,,14.8,49.1,1003.5,81.3,3.5,,,,,2007-05-14T04:37:31,2007-05-14T18:01:24,0.91,"Rain, Partially cloudy",Partly cloudy throughout the day with late afternoon rain.,rain,42410099999
guwahati,2007-05-15,26.2,20.9,24,26.2,20.9,24,20.5,81.4,16.9,100,12.5,rain,,,,14.8,53.8,1002.8,95,3.5,,,,,2007-05-15T04:36:59,2007-05-15T18:01:57,0.95,"Rain, Overcast",Cloudy skies throughout the day with a chance of rain throughout the day.,rain,42410099999
guwahati,2007-05-16,28.4,23.1,26,31.2,23.1,27.2,22,78.8,0,0,0,,,,,14.8,62.2,1005.8,84.3,4,,,,,2007-05-16T04:36:27,2007-05-16T18:02:29,0.98,Partially cloudy,Partly cloudy throughout the day.,partly-cloudy-day,42410099999
guwahati,2007-05-17,30.1,24.7,27.3,35.9,24.7,30.2,23.7,81,0,0,0,,,,,11.2,30.1,1006,70,4,,,,,2007-05-17T04:35:57,2007-05-17T18:03:01,0,Partially cloudy,Partly cloudy throughout the day.,partly-cloudy-day,42410099999
guwahati,2007-05-18,33.1,25.1,29.3,39.4,25.1,33,23.7,73,0.9,100,4.17,rain,,,,7.6,50,1004.4,55,4,,,,,2007-05-18T04:35:28,2007-05-18T18:03:34,0.05,"Rain, Partially cloudy",Partly cloudy throughout the day with rain.,rain,42410099999
guwahati,2007-05-19,31.9,26.4,29.4,39.5,26.4,33.9,24.6,76,0,0,0,,,,,7.6,270,1003.4,81.7,4,,,,,2007-05-19T04:35:00,2007-05-19T18:04:06,0.08,Partially cloudy,Partly cloudy throughout the day.,partly-cloudy-day,42410099999
guwahati,2007-05-20,28.7,26.4,27.6,32.6,26.4,29.5,23.7,79.8,0,0,0,,,,,8.7,180,999.7,50.7,4,,,,,2007-05-20T04:34:34,2007-05-20T18:04:38,0.11,Partially cloudy,Partly cloudy throughout the day.,partly-cloudy-day,"42410099999,42516099999"
guwahati,2007-05-21,33.1,25.1,29.8,39.5,25.1,34,24.1,72.8,0,0,0,,,,,7.6,236.4,998.5,64,4,,,,,2007-05-21T04:34:08,2007-05-21T18:05:10,0.15,Partially cloudy,Partly cloudy throughout the day.,partly-cloudy-day,42410099999
guwahati,2007-05-22,30.4,26.1,27.5,37.6,26.1,30.4,24.6,84.3,32,100,8.33,rain,,,,14.8,320,999.8,70,3.7,,,,,2007-05-22T04:33:44,2007-05-22T18:05:42,0.18,"Rain, Partially cloudy",Partly cloudy throughout the day with rain in the morning and afternoon.,rain,42410099999
guwahati,2007-05-23,33.1,25.4,29.2,41.2,25.4,33.1,24.1,74.9,4,100,4.17,rain,,,,11.2,356.5,1000.4,70,3.7,,,,,2007-05-23T04:33:21,2007-05-23T18:06:13,0.21,"Rain, Partially cloudy",Partly cloudy throughout the day with late afternoon rain.,rain,42410099999
guwahati,2007-05-24,34.7,25.4,29.4,45.5,25.4,34.3,24.4,75.6,0,0,0,,,,,9.4,180,1000.5,66.3,4,,,,,2007-05-24T04:33:00,2007-05-24T18:06:44,0.25,Partially cloudy,Partly cloudy throughout the day.,partly-cloudy-day,42410099999
guwahati,2007-05-25,29.9,25.9,27.9,33.5,25.9,30.1,22.8,74.4,2,100,4.17,rain,,,,16.6,4.3,1004,81.3,3.8,,,,,2007-05-25T04:32:39,2007-05-25T18:07:16,0.28,"Rain, Partially cloudy",Partly cloudy throughout the day with late afternoon rain.,rain,42410099999
guwahati,2007-05-26,30.1,24.4,27.3,34.8,24.4,29.8,23.9,82.2,3,100,4.17,rain,,,,9.4,41.7,1005.6,58.8,3.5,,,,,2007-05-26T04:32:20,2007-05-26T18:07:46,0.31,"Rain, Partially cloudy",Partly cloudy throughout the day with rain clearing later.,rain,42410099999
guwahati,2007-05-27,31.1,25.4,27.5,36.4,25.4,30.1,24.1,82.1,0,0,0,,,,,9.4,54.6,1005.4,76.3,4,,,,,2007-05-27T04:32:02,2007-05-27T18:08:17,0.34,Partially cloudy,Partly cloudy throughout the day.,partly-cloudy-day,42410099999
guwahati,2007-05-28,31.7,24.4,28.3,38.4,24.4,32.1,24.3,79.6,6,100,8.33,rain,,,,7.6,35,1004.4,65.7,3.7,,,,,2007-05-28T04:31:46,2007-05-28T18:08:47,0.38,"Rain, Partially cloudy",Partly cloudy throughout the day with rain clearing later.,rain,42410099999
guwahati,2007-05-29,33.1,24.4,28.7,40.5,24.4,32.7,24.2,77.8,4,100,8.33,rain,,,,7.6,70,1004.2,57.5,3.5,,,,,2007-05-29T04:31:30,2007-05-29T18:09:17,0.41,"Rain, Partially cloudy",Clearing in the afternoon with rain clearing later.,rain,42410099999
guwahati,2007-05-30,34.1,25.2,30,44.9,25.2,36.3,25.4,77.1,0,0,0,,,,,11.2,356.3,1003.6,28.8,3.5,,,,,2007-05-30T04:31:16,2007-05-30T18:09:46,0.44,Partially cloudy,Partly cloudy throughout the day.,partly-cloudy-day,42410099999
guwahati,2007-05-31,35.7,26.4,30.9,46.8,26.4,37.4,25.4,73.8,0,0,0,,,,,7.6,315,1002.8,37.5,4,,,,,2007-05-31T04:31:04,2007-05-31T18:10:15,0.47,Partially cloudy,Partly cloudy throughout the day.,partly-cloudy-day,42410099999
guwahati,2007-06-01,34.4,26.4,30,42.2,26.4,34.2,24.3,72.9,0,0,0,,,,,14.8,37.4,1002.3,57.5,3.5,,,,,2007-06-01T04:30:52,2007-06-01T18:10:44,0.5,Partially cloudy,Partly cloudy throughout the day.,partly-cloudy-day,42410099999
guwahati,2007-06-02,32.2,25.4,28.8,39.6,25.4,32.6,24.2,76.9,0,0,0,,,,,9.4,39.5,1002.7,61.4,3.4,,,,,2007-06-02T04:30:42,2007-06-02T18:11:12,0.54,Partially cloudy,Partly cloudy throughout the day.,partly-cloudy-day,42410099999
guwahati,2007-06-03,28.9,25.1,27,33.2,25.1,29,23.8,82.9,1.3,100,8.33,rain,,,,11.2,50,1004.9,85.7,3.4,,,,,2007-06-03T04:30:33,2007-06-03T18:11:40,0.58,"Rain, Partially cloudy",Partly cloudy throughout the day with a chance of rain throughout the day.,rain,42410099999
guwahati,2007-06-04,30.2,25.2,26.7,36.3,25.2,28,23.6,83.3,13.7,100,8.33,rain,,,,9.4,50,1005.5,88.6,3.4,,,,,2007-06-04T04:30:25,2007-06-04T18:12:07,0.61,"Rain, Partially cloudy",Partly cloudy throughout the day with rain clearing later.,rain,42410099999
guwahati,2007-06-05,34.1,24.4,28.8,40.2,24.4,31.9,23.8,75.9,0,0,0,,,,,11.2,360,1002.8,52.9,4,,,,,2007-06-05T04:30:18,2007-06-05T18:12:33,0.65,Partially cloudy,Partly cloudy throughout the day.,partly-cloudy-day,42410099999
guwahati,2007-06-06,32.2,26.1,29.2,38.8,26.1,33.6,24.8,77.8,0.3,100,4.17,rain,,,,0,,1002.7,72.9,4,,,,,2007-06-06T04:30:13,2007-06-06T18:12:59,0.69,"Rain, Partially cloudy",Partly cloudy throughout the day with late afternoon rain.,rain,42410099999
guwahati,2007-06-07,33.4,26.1,29.2,40.9,26.1,33.5,24.6,76.9,11,100,4.17,rain,,,,11.2,50,1002.4,75,3.3,,,,,2007-06-07T04:30:09,2007-06-07T18:13:25,0.72,"Rain, Partially cloudy",Partly cloudy throughout the day with rain.,rain,42410099999
guwahati,2007-06-08,28.9,26.4,27.5,33.5,26.4,30.6,24.7,85.1,29,100,8.33,rain,,,,0,,1002.5,80,3.1,,,,,2007-06-08T04:30:06,2007-06-08T18:13:50,0.75,"Rain, Partially cloudy",Partly cloudy throughout the day with rain.,rain,42410099999
guwahati,2007-06-09,26.4,25.2,25.9,26.4,25.2,25.9,24.5,92.1,35,100,12.5,rain,,,,7.6,57.4,1002.9,100,2.3,,,,,2007-06-09T04:30:05,2007-06-09T18:14:14,0.79,"Rain, Overcast",Cloudy skies throughout the day with a chance of rain throughout the day.,rain,42410099999
guwahati,2007-06-10,27.1,24.9,25.7,30.5,24.9,26.2,24.4,93,25,100,12.5,rain,,,,7.6,70,1000.7,98.6,2.6,,,,,2007-06-10T04:30:04,2007-06-10T18:14:37,0.83,"Rain, Overcast",Cloudy skies throughout the day with a chance of rain throughout the day.,rain,42410099999
guwahati,2007-06-11,27.4,24.9,26.1,31.1,24.9,27.2,24.1,88.8,4,100,4.17,rain,,,,11.2,30.1,999.7,85,3.3,,,,,2007-06-11T04:30:05,2007-06-11T18:15:00,0.86,"Rain, Partially cloudy",Partly cloudy throughout the day with rain clearing later.,rain,42410099999
guwahati,2007-06-12,32.9,25.1,29.4,39.9,25.1,34.1,24.7,76.9,0.6,100,4.17,rain,,,,7.6,360,999.6,61.3,3.5,,,,,2007-06-12T04:30:07,2007-06-12T18:15:21,0.9,"Rain, Partially cloudy",Partly cloudy throughout the day with late afternoon rain.,rain,42410099999
guwahati,2007-06-13,32.7,27.4,29.7,42.4,30.9,36.5,25.8,80,2,100,4.17,rain,,,,11.2,309.8,1000.9,80,3.5,,,,,2007-06-13T04:30:10,2007-06-13T18:15:43,0.93,"Rain, Partially cloudy",Partly cloudy throughout the day with rain.,rain,42410099999
guwahati,2007-06-14,29.4,26.7,27.8,36.3,26.7,31.8,25.3,86.4,32,100,4.17,rain,,,,7.6,50,1001.6,85,3.3,,,,,2007-06-14T04:30:14,2007-06-14T18:16:03,0.97,"Rain, Partially cloudy",Partly cloudy throughout the day with a chance of rain throughout the day.,rain,42410099999
guwahati,2007-06-15,30.1,25.1,27.8,36.5,25.1,31.2,24.6,82.7,0,0,0,,,,,9.4,359,1000.9,87.1,3.4,,,,,2007-06-15T04:30:20,2007-06-15T18:16:22,0,Partially cloudy,Partly cloudy throughout the day.,partly-cloudy-day,42410099999
guwahati,2007-06-16,28.4,26.1,27.1,34.5,26.1,30.3,25.6,91.7,22,100,4.17,rain,,,,7.6,70,998.3,95,2.7,,,,,2007-06-16T04:30:26,2007-06-16T18:16:41,0.04,"Rain, Overcast",Cloudy skies throughout the day with rain in the morning and afternoon.,rain,42410099999
guwahati,2007-06-17,32.7,26.1,29.5,40.6,26.1,35.4,25.8,81.3,0.3,100,4.17,rain,,,,9.4,324.1,998,70,3.7,,,,,2007-06-17T04:30:34,2007-06-17T18:16:58,0.07,"Rain, Partially cloudy",Partly cloudy throughout the day with rain in the morning and afternoon.,rain,42410099999
guwahati,2007-06-18,31.2,27.1,28.8,38,29.6,34,24.8,79.5,19,100,4.17,rain,,,,7.6,360,999.6,73.3,3.7,,,,,2007-06-18T04:30:42,2007-06-18T18:17:15,0.1,"Rain, Partially cloudy",Partly cloudy throughout the day with rain.,rain,42410099999
guwahati,2007-06-19,29.4,26.1,27.4,35.3,26.1,30.4,24.6,85.2,3,100,4.17,rain,,,,7.6,70,1000.9,73.3,3.7,,,,,2007-06-19T04:30:52,2007-06-19T18:17:31,0.13,"Rain, Partially cloudy",Partly cloudy throughout the day with rain in the morning and afternoon.,rain,42410099999
guwahati,2007-06-20,35.1,26.7,31.3,46.1,26.7,38.4,25.8,73.8,0,0,0,,,,,11.2,26.5,1001.4,55.7,3.7,,,,,2007-06-20T04:31:03,2007-06-20T18:17:46,0.17,Partially cloudy,Partly cloudy throughout the day.,partly-cloudy-day,42410099999
guwahati,2007-06-21,34.2,27.7,30.7,45.7,32.7,37.6,25.6,75.1,0,0,0,,,,,11.2,230,1002.2,64.3,4,,,,,2007-06-21T04:31:15,2007-06-21T18:17:59,0.2,Partially cloudy,Partly cloudy throughout the day.,partly-cloudy-day,42410099999
guwahati,2007-06-22,32.4,27.1,28.8,39.2,30,33.7,24.8,79.9,2,100,4.17,rain,,,,7.6,320,1005.2,76.7,4,,,,,2007-06-22T04:31:27,2007-06-22T18:18:12,0.25,"Rain, Partially cloudy",Partly cloudy throughout the day with early morning rain.,rain,42410099999
guwahati,2007-06-23,33.1,26.1,29.4,41.6,26.1,34.4,24.8,76.7,0,0,0,,,,,9.4,117.1,1007.3,81.7,4,,,,,2007-06-23T04:31:41,2007-06-23T18:18:24,0.26,Partially cloudy,Partly cloudy throughout the day.,partly-cloudy-day,42410099999
guwahati,2007-06-24,32.1,27.2,29,40.5,31.5,35,25.8,83.2,0.7,100,4.17,rain,,,,11.2,360,1006.1,82.9,4,,,,,2007-06-24T04:31:56,2007-06-24T18:18:35,0.3,"Rain, Partially cloudy",Partly cloudy throughout the day with afternoon rain.,rain,42410099999
guwahati,2007-06-25,32.2,27.1,29.3,39.6,31.1,35.1,25.6,81.3,0,0,0,,,,,9.4,127.8,1003.1,76.7,4,,,,,2007-06-25T04:32:11,2007-06-25T18:18:44,0.33,Partially cloudy,Partly cloudy throughout the day.,partly-cloudy-day,42410099999
guwahati,2007-06-26,33.9,27.4,30,42.3,31.8,36,25.3,77.3,0,0,0,,,,,9.4,347.9,1000,55,4,,,,,2007-06-26T04:32:28,2007-06-26T18:18:53,0.36,Partially cloudy,Partly cloudy throughout the day.,partly-cloudy-day,42410099999
guwahati,2007-06-27,34.4,27.4,31.2,44.6,32.1,38.8,25.9,73.9,0,0,0,,,,,7.6,230,998.7,58.6,3.7,,,,,2007-06-27T04:32:45,2007-06-27T18:19:00,0.39,Partially cloudy,Partly cloudy throughout the day.,partly-cloudy-day,42410099999
guwahati,2007-06-28,32.1,25.1,28.6,41,25.1,34.1,25.9,86.2,63,100,12.5,rain,,,,14.8,63.3,1001.1,85.7,3.1,,,,,2007-06-28T04:33:03,2007-06-28T18:19:06,0.43,"Rain, Partially cloudy",Partly cloudy throughout the day with rain.,rain,42410099999
guwahati,2007-06-29,32.4,25.4,28.3,42.6,25.4,33.6,25.9,87.4,8,100,8.33,rain,,,,9.4,50,1003.8,77.1,3.7,,,,,2007-06-29T04:33:22,2007-06-29T18:19:11,0.46,"Rain, Partially cloudy",Partly cloudy throughout the day with a chance of rain throughout the day.,rain,42410099999
guwahati,2007-06-30,34.7,27.2,29.7,46.5,30.9,36,25.8,80.8,7,100,4.17,rain,,,,11.2,338.2,1000.7,67.5,3.8,,,,,2007-06-30T04:33:42,2007-06-30T18:19:15,0.5,"Rain, Partially cloudy",Partly cloudy throughout the day with rain.,rain,42410099999
guwahati,2007-07-01,34.4,26.1,29.5,45.2,26.1,35.3,25.4,79.6,0,0,0,,,,,9.4,21.2,998.9,75,4,,,,,2007-07-01T04:34:02,2007-07-01T18:19:18,0.52,Partially cloudy,Partly cloudy throughout the day.,partly-cloudy-day,42410099999
guwahati,2007-07-02,33.7,26.7,30.5,44.2,26.7,38.9,26.7,80.5,0.3,100,4.17,rain,,,,11.2,50,998,81.3,3.8,,,,,2007-07-02T04:34:24,2007-07-02T18:19:19,0.56,"Rain, Partially cloudy",Partly cloudy throughout the day with rain clearing later.,rain,42410099999
guwahati,2007-07-03,33.4,28.1,30.4,44.9,33.6,38.5,26.4,79.4,0,0,0,,,,,11.2,260.5,997.2,76.3,4,,,,,2007-07-03T04:34:45,2007-07-03T18:19:19,0.6,Partially cloudy,Partly cloudy throughout the day.,partly-cloudy-day,42410099999
guwahati,2007-07-04,33.1,26.9,29,44.2,30.6,34.7,25.2,80.2,21,100,4.17,rain,,,,16.6,64.4,996.6,84.3,4,,,,,2007-07-04T04:35:08,2007-07-04T18:19:18,0.63,"Rain, Partially cloudy",Partly cloudy throughout the day with rain clearing later.,rain,42410099999
guwahati,2007-07-05,35.4,27.7,30.9,46.6,32.6,39.7,26.9,80.3,9,100,4.17,rain,,,,13,28.4,995.2,80,4,,,,,2007-07-05T04:35:31,2007-07-05T18:19:16,0.67,"Rain, Partially cloudy",Partly cloudy throughout the day with rain.,rain,42410099999
guwahati,2007-07-06,34.1,27.4,30.1,48.1,32.1,38.1,26.8,83.2,9,100,8.33,rain,,,,9.4,263.5,996.9,77.1,4,,,,,2007-07-06T04:35:55,2007-07-06T18:19:12,0.7,"Rain, Partially cloudy",Partly cloudy throughout the day with rain in the morning and afternoon.,rain,42410099999
guwahati,2007-07-07,32.4,27.4,29.7,42.2,31.6,36.4,25.9,80.8,2,100,4.17,rain,,,,0,,1000.4,80,4,,,,,2007-07-07T04:36:19,2007-07-07T18:19:07,0.75,"Rain, Partially cloudy",Partly cloudy throughout the day with late afternoon rain.,rain,42410099999
guwahati,2007-07-08,33.4,27.1,29.6,42.1,30.4,35.8,25.6,79.6,2,100,4.17,rain,,,,11.2,50,1001.6,88.3,3.7,,,,,2007-07-08T04:36:44,2007-07-08T18:19:01,0.78,"Rain, Partially cloudy",Partly cloudy throughout the day with rain.,rain,42410099999
guwahati,2007-07-09,34.1,26.7,30.1,45.7,26.7,36.9,26.3,80.7,0,0,0,,,,,11.2,253.1,998.9,65.7,3.7,,,,,2007-07-09T04:37:10,2007-07-09T18:18:54,0.81,Partially cloudy,Partly cloudy throughout the day.,partly-cloudy-day,42410099999
guwahati,2007-07-10,30.9,27.4,29.2,38.3,31.8,36.1,26.3,84.6,1.7,100,8.33,rain,,,,0,,999,76.3,4,,,,,2007-07-10T04:37:36,2007-07-10T18:18:45,0.85,"Rain, Partially cloudy",Partly cloudy throughout the day with rain in the morning and afternoon.,rain,42410099999
guwahati,2007-07-11,31.2,27.7,28.7,40.7,31.8,34.6,25.8,84.2,4,100,4.17,rain,,,,5.4,230,999.5,85,4,,,,,2007-07-11T04:38:02,2007-07-11T18:18:35,0.88,"Rain, Partially cloudy",Partly cloudy throughout the day with afternoon rain.,rain,42410099999
guwahati,2007-07-12,33.1,27.1,29.2,42.8,30.7,35.3,25.7,81.6,0,0,0,,,,,11.2,264.2,998.5,73.8,4,,,,,2007-07-12T04:38:29,2007-07-12T18:18:24,0.92,Partially cloudy,Partly cloudy throughout the day.,partly-cloudy-day,42410099999
guwahati,2007-07-13,35.1,27.9,30.7,46.1,32.5,38.8,26.5,79.3,2.5,100,8.33,rain,,,,7.6,320,996.7,77.1,4,,,,,2007-07-13T04:38:56,2007-07-13T18:18:11,0.96,"Rain, Partially cloudy",Partly cloudy throughout the day with rain.,rain,42410099999
guwahati,2007-07-14,33.4,27.4,29.6,43.5,32.1,36.8,26.4,83.6,5,100,4.17,rain,,,,11.2,74,996.4,91.4,3.7,,,,,2007-07-14T04:39:24,2007-07-14T18:17:57,0,"Rain, Overcast",Cloudy skies throughout the day with rain.,rain,42410099999
guwahati,2007-07-15,31.7,27.4,28.8,42.7,32.6,35.7,26.7,88.5,23,100,8.33,rain,,,,11.2,345.7,997.6,85,3.3,,,,,2007-07-15T04:39:52,2007-07-15T18:17:42,0.02,"Rain, Partially cloudy",Partly cloudy throughout the day with rain in the morning and afternoon.,rain,42410099999
guwahati,2007-07-16,31.7,26.9,28.5,41.1,30.8,34.3,25.9,86.2,4,100,8.33,rain,,,,9.4,6.9,1000.5,90,3.3,,,,,2007-07-16T04:40:20,2007-07-16T18:17:25,0.06,"Rain, Partially cloudy",Partly cloudy throughout the day with a chance of rain throughout the day.,rain,42410099999
guwahati,2007-07-17,30.9,27.1,28.9,42.1,30.4,35.9,26.5,87.4,0.7,100,4.17,rain,,,,0,,1000.5,82.5,3.8,,,,,2007-07-17T04:40:48,2007-07-17T18:17:08,0.09,"Rain, Partially cloudy",Partly cloudy throughout the day with rain in the morning and afternoon.,rain,42410099999
guwahati,2007-07-18,30.1,27.4,28.8,39.1,32.6,35.5,26.5,87.2,0.6,100,4.17,rain,,,,7.6,230,999.6,81.7,4,,,,,2007-07-18T04:41:17,2007-07-18T18:16:49,0.12,"Rain, Partially cloudy",Partly cloudy throughout the day with rain in the morning and afternoon.,rain,42410099999
guwahati,2007-07-19,31.7,26.2,29,41.1,26.2,34.7,25.8,83.3,50,100,8.33,rain,,,,5.4,90,999.5,88.8,3.8,,,,,2007-07-19T04:41:46,2007-07-19T18:16:28,0.15,"Rain, Partially cloudy",Partly cloudy throughout the day with a chance of rain throughout the day.,rain,42410099999
guwahati,2007-07-20,31.4,25.1,28.3,37.8,25.1,32.4,24.5,80,11,100,4.17,rain,,,,0,,999.5,81.3,3.8,,,,,2007-07-20T04:42:15,2007-07-20T18:16:06,0.19,"Rain, Partially cloudy",Partly cloudy throughout the day with rain in the morning and afternoon.,rain,42410099999
guwahati,2007-07-21,34.1,27.2,30.2,42.1,30.1,35.8,24.6,72.8,0,0,0,,,,,9.4,57.9,998.5,78.6,4,,,,,2007-07-21T04:42:45,2007-07-21T18:15:43,0.22,Partially cloudy,Partly cloudy throughout the day.,partly-cloudy-day,42410099999
guwahati,2007-07-22,29.9,25.4,27.5,35.6,25.4,30.2,24.7,85.4,11,100,4.17,rain,,,,5.4,360,1002.4,90,3.8,,,,,2007-07-22T04:43:14,2007-07-22T18:15:19,0.25,"Rain, Partially cloudy",Partly cloudy throughout the day with rain.,rain,42410099999
guwahati,2007-07-23,31.4,25.4,27.9,38.5,25.4,31.1,24.9,84.3,0.4,100,4.17,rain,,,,5.4,230,1005.2,85,3.8,,,,,2007-07-23T04:43:44,2007-07-23T18:14:54,0.28,"Rain, Partially cloudy",Partly cloudy throughout the day with rain in the morning and afternoon.,rain,42410099999
guwahati,2007-07-24,29.1,26.1,27.2,35.5,26.1,30,25.2,89,10,100,4.17,rain,,,,5.4,285,1004.6,80,3.7,,,,,2007-07-24T04:44:14,2007-07-24T18:14:27,0.31,"Rain, Partially cloudy",Partly cloudy throughout the day with rain in the morning and afternoon.,rain,42410099999
guwahati,2007-07-25,27.4,25.7,26.8,31.6,25.7,29.2,25,89.8,0.4,100,4.17,rain,,,,7.6,95.2,1004,91.3,3.8,,,,,2007-07-25T04:44:44,2007-07-25T18:13:59,0.35,"Rain, Overcast",Cloudy skies throughout the day with afternoon rain.,rain,42410099999
guwahati,2007-07-26,28.4,25.4,26.7,33.4,25.4,28.7,25.1,91,10.6,100,8.33,rain,,,,0,,1004.7,96.3,3,,,,,2007-07-26T04:45:14,2007-07-26T18:13:29,0.38,"Rain, Overcast",Cloudy skies throughout the day with a chance of rain throughout the day.,rain,42410099999
guwahati,2007-07-27,26.1,25.1,25.5,26.1,25.1,25.5,24.6,94.9,36,100,16.67,rain,,,,0,,1004.1,100,2,,,,,2007-07-27T04:45:44,2007-07-27T18:12:59,0.41,"Rain, Overcast",Cloudy skies throughout the day with a chance of rain throughout the day.,rain,42410099999
guwahati,2007-07-28,26.4,25.1,26,26.4,25.1,26,24.8,93.2,15,100,8.33,rain,,,,9.4,320,1004.1,98.8,2.5,,,,,2007-07-28T04:46:14,2007-07-28T18:12:27,0.44,"Rain, Overcast",Cloudy skies throughout the day with a chance of rain throughout the day.,rain,42410099999
guwahati,2007-07-29,26.2,25.4,25.8,26.2,25.4,25.8,24.9,94.5,31,100,8.33,rain,,,,7.6,230,1004.6,93.8,2.8,,,,,2007-07-29T04:46:44,2007-07-29T18:11:54,0.48,"Rain, Overcast",Cloudy skies throughout the day with rain in the morning and afternoon.,rain,42410099999
guwahati,2007-07-30,28.1,25.9,26.7,33.4,25.9,28.3,25.4,92.8,2,100,4.17,rain,,,,5.4,230,1005.4,88.8,3.3,,,,,2007-07-30T04:47:14,2007-07-30T18:11:20,0.5,"Rain, Partially cloudy",Partly cloudy throughout the day with afternoon rain.,rain,42410099999
guwahati,2007-07-31,29.1,26.1,27.9,36.4,26.1,32.4,25.4,86.4,7,100,4.17,rain,,,,11.2,304,1003.4,83.8,3.8,,,,,2007-07-31T04:47:44,2007-07-31T18:10:45,0.54,"Rain, Partially cloudy",Partly cloudy throughout the day with afternoon rain.,rain,42410099999
guwahati,2007-08-01,30.4,26.4,27.8,35.8,26.4,30.7,24.4,82.4,3.2,100,8.33,rain,,,,9.4,255,1002.9,78.6,3.4,,,,,2007-08-01T04:48:14,2007-08-01T18:10:08,0.58,"Rain, Partially cloudy",Partly cloudy throughout the day with a chance of rain throughout the day.,rain,42410099999
guwahati,2007-08-02,33.4,25.9,29.3,40.6,25.9,34.2,25,78.3,0,0,0,,,,,9.4,344.3,1002.3,70,3.8,,,,,2007-08-02T04:48:44,2007-08-02T18:09:31,0.62,Partially cloudy,Partly cloudy throughout the day.,partly-cloudy-day,42410099999
guwahati,2007-08-03,33.1,27.1,30,40,30.9,35.6,25,76,0,0,0,,,,,7.6,340,1002,55.7,3.4,,,,,2007-08-03T04:49:14,2007-08-03T18:08:52,0.65,Partially cloudy,Partly cloudy throughout the day.,partly-cloudy-day,42410099999
guwahati,2007-08-04,34.2,27.1,30,40.9,30.5,36.1,25.4,77.4,0,0,0,,,,,5.4,10,998.7,62.9,4,,,,,2007-08-04T04:49:43,2007-08-04T18:08:12,0.69,Partially cloudy,Partly cloudy throughout the day.,partly-cloudy-day,42410099999
guwahati,2007-08-05,35.7,27.7,30.9,47.3,32.6,39.1,26.4,78.2,0,0,0,,,,,14.8,50,997.2,56.3,3.5,,,,,2007-08-05T04:50:13,2007-08-05T18:07:31,0.72,Partially cloudy,Partly cloudy throughout the day.,partly-cloudy-day,42410099999
guwahati,2007-08-06,36.1,27.4,31.3,47.5,31.6,39.5,26.2,75.5,0,0,0,,,,,11.2,44.8,999.3,53.8,3.5,,,,,2007-08-06T04:50:43,2007-08-06T18:06:49,0.75,Partially cloudy,Partly cloudy throughout the day.,partly-cloudy-day,42410099999
guwahati,2007-08-07,33.1,27.1,29.9,41.6,30.9,37,26,80.4,0,0,0,,,,,9.4,330.1,1001.3,65,3.8,,,,,2007-08-07T04:51:12,2007-08-07T18:06:06,0.8,Partially cloudy,Partly cloudy throughout the day.,partly-cloudy-day,42410099999
guwahati,2007-08-08,33.7,27.7,30,42.4,33.1,36.7,25.8,79.4,0.3,100,4.17,rain,,,,9.4,247.8,1000.1,72.5,4,,,,,2007-08-08T04:51:41,2007-08-08T18:05:22,0.83,"Rain, Partially cloudy",Partly cloudy throughout the day with rain.,rain,42410099999
guwahati,2007-08-09,34.7,27.1,31,45.2,30.4,38.3,25.7,74.4,0,0,0,,,,,7.6,305.4,998.6,55.7,3.7,,,,,2007-08-09T04:52:11,2007-08-09T18:04:37,0.87,Partially cloudy,Partly cloudy throughout the day.,partly-cloudy-day,42410099999
guwahati,2007-08-10,36.7,28.2,33.1,48.1,33.1,42.8,26.6,70.3,0,0,0,,,,,11.2,352.4,996.2,46.7,3.3,,,,,2007-08-10T04:52:40,2007-08-10T18:03:50,0.9,Partially cloudy,Partly cloudy throughout the day.,partly-cloudy-day,42410099999
guwahati,2007-08-11,33.2,28.1,31.2,47.4,34.3,42.2,27.8,82.5,5,100,4.17,rain,,,,7.6,16.2,996.2,78.6,3.4,,,,,2007-08-11T04:53:08,2007-08-11T18:03:03,0.94,"Rain, Partially cloudy",Partly cloudy throughout the day with late afternoon rain.,rain,42410099999
guwahati,2007-08-12,34.4,27.1,30,43.8,31.4,37.1,26.3,81.6,6,100,4.17,rain,,,,9.4,50,997.1,83.8,3.5,,,,,2007-08-12T04:53:37,2007-08-12T18:02:15,0.98,"Rain, Partially cloudy",Partly cloudy throughout the day with early morning rain.,rain,42410099999
guwahati,2007-08-13,33.1,27.4,29.6,42.3,30.9,36.2,25.9,81.1,6.2,100,8.33,rain,,,,11.2,48.9,998.1,91.7,3.7,,,,,2007-08-13T04:54:06,2007-08-13T18:01:26,0,"Rain, Overcast",Cloudy skies throughout the day with rain.,rain,42410099999
guwahati,2007-08-14,29.1,25.7,26.9,35.9,25.7,29.8,25.6,92.3,32,100,16.67,rain,,,,9.4,44,1000,92.5,2.5,,,,,2007-08-14T04:54:34,2007-08-14T18:00:36,0.04,"Rain, Overcast",Cloudy skies throughout the day with rain.,rain,42410099999
guwahati,2007-08-15,30.2,25.7,27.8,38.2,25.7,32.3,25.9,89.7,7,100,8.33,rain,,,,0,,999.3,90,3,,,,,2007-08-15T04:55:02,2007-08-15T17:59:45,0.07,"Rain, Partially cloudy",Partly cloudy throughout the day with rain.,rain,42410099999
guwahati,2007-08-16,29.7,27.1,28.3,36.9,31.2,34.1,26.2,88.3,0.4,100,4.17,rain,,,,9.4,230,999.7,90,3.5,,,,,2007-08-16T04:55:30,2007-08-16T17:58:53,0.11,"Rain, Partially cloudy",Partly cloudy throughout the day with afternoon rain.,rain,42410099999
guwahati,2007-08-17,31.4,27.1,28.2,39.4,30.7,33.2,25.7,86.2,20,100,4.17,rain,,,,7.6,50,1000.2,82.9,4,,,,,2007-08-17T04:55:58,2007-08-17T17:58:01,0.14,"Rain, Partially cloudy",Partly cloudy throughout the day with rain.,rain,42410099999
guwahati,2007-08-18,32.4,26.4,29,41.3,26.4,33.9,25.6,82.4,0,0,0,,,,,14.8,29.7,1001,71.4,3.4,,,,,2007-08-18T04:56:26,2007-08-18T17:57:07,0.17,Partially cloudy,Partly cloudy throughout the day.,partly-cloudy-day,42410099999
guwahati,2007-08-19,34.1,26.4,28.9,43.9,26.4,33.9,25.5,82.4,0.5,100,4.17,rain,,,,14.8,230,1003,67.5,3.8,,,,,2007-08-19T04:56:53,2007-08-19T17:56:13,0.2,"Rain, Partially cloudy",Partly cloudy throughout the day with rain clearing later.,rain,42410099999
guwahati,2007-08-20,32.4,26.2,29.5,44.4,26.2,36,26.1,82.6,0,0,0,,,,,9.4,321,1005.6,54.3,4,,,,,2007-08-20T04:57:20,2007-08-20T17:55:18,0.24,Partially cloudy,Partly cloudy throughout the day.,partly-cloudy-day,42410099999
guwahati,2007-08-21,34.1,26.2,30.2,43,26.2,35.9,25.5,76.6,0,0,0,,,,,11.2,306.2,1004.1,51.3,4,,,,,2007-08-21T04:57:47,2007-08-21T17:54:22,0.25,Partially cloudy,Partly cloudy throughout the day.,partly-cloudy-day,42410099999
guwahati,2007-08-22,33.7,26.9,30.2,43.2,30.6,37.4,26.1,79.6,0,0,0,,,,,11.2,291,1003.3,72.5,3.8,,,,,2007-08-22T04:58:14,2007-08-22T17:53:26,0.3,Partially cloudy,Partly cloudy throughout the day.,partly-cloudy-day,42410099999
guwahati,2007-08-23,31.4,27.4,29.1,38.1,31.5,34.8,25.5,81.5,0,0,0,,,,,9.4,12.7,1004.4,75,4,,,,,2007-08-23T04:58:41,2007-08-23T17:52:28,0.33,Partially cloudy,Partly cloudy throughout the day.,partly-cloudy-day,42410099999
guwahati,2007-08-24,36.1,26.4,30.8,47,26.4,37.8,26,76.8,0.2,100,4.17,rain,,,,7.6,302.2,1005.2,50,4,,,,,2007-08-24T04:59:07,2007-08-24T17:51:30,0.37,"Rain, Partially cloudy",Partly cloudy throughout the day with early morning rain.,rain,42410099999
guwahati,2007-08-25,32.2,27.4,29.5,42.4,31.8,36.8,26.4,83.4,17,100,4.17,rain,,,,5.4,320,1005,80,3.7,,,,,2007-08-25T04:59:34,2007-08-25T17:50:32,0.4,"Rain, Partially cloudy",Partly cloudy throughout the day with late afternoon rain.,rain,42410099999
guwahati,2007-08-26,31.7,26.7,28.5,45.3,26.7,34.2,26,86.7,0.2,100,4.17,rain,,,,5.4,270,1004.4,85,3,,,,,2007-08-26T05:00:00,2007-08-26T17:49:33,0.43,"Rain, Partially cloudy",Partly cloudy throughout the day with rain in the morning and afternoon.,rain,42410099999
guwahati,2007-08-27,30.1,25.7,27.5,35.9,25.7,30.7,25.2,87.8,5,100,8.33,rain,,,,9.4,54.5,1005.1,86.3,3.8,,,,,2007-08-27T05:00:26,2007-08-27T17:48:33,0.46,"Rain, Partially cloudy",Partly cloudy throughout the day with a chance of rain throughout the day.,rain,42410099999
guwahati,2007-08-28,26.1,26.1,26.1,26.1,26.1,26.1,25.2,94.8,0,0,0,,,,,0,,1005.8,90,4,,,,,2007-08-28T05:00:52,2007-08-28T17:47:32,0.5,Partially cloudy,Partly cloudy throughout the day.,partly-cloudy-day,42410099999
guwahati,2007-08-29,31.9,27.4,29.9,40.2,31.8,36.8,25.9,79.6,0.5,100,4.17,rain,,,,0,,1004,88.3,3.3,,,,,2007-08-29T05:01:17,2007-08-29T17:46:31,0.53,"Rain, Partially cloudy",Partly cloudy throughout the day with late afternoon rain.,rain,42410099999
guwahati,2007-08-30,31.1,26.1,27.9,38.7,26.1,32.2,25.5,87.4,5.9,100,8.33,rain,,,,7.6,206.6,1003.8,78.8,3.5,,,,,2007-08-30T05:01:43,2007-08-30T17:45:30,0.56,"Rain, Partially cloudy",Partly cloudy throughout the day with rain.,rain,42410099999
guwahati,2007-08-31,32.2,24.9,29,37.9,24.9,33.5,24.8,79.7,0,0,0,,,,,3.6,270,1003,55,4,,,,,2007-08-31T05:02:08,2007-08-31T17:44:28,0.6,Partially cloudy,Partly cloudy throughout the day.,partly-cloudy-day,42410099999
guwahati,2007-09-01,32.2,25.1,29.1,39.6,25.1,35.2,26.1,85.2,59,100,8.33,rain,,,,7.6,270,1002.2,87.1,4,,,,,2007-09-01T05:02:33,2007-09-01T17:43:25,0.64,"Rain, Partially cloudy",Partly cloudy throughout the day with rain clearing later.,rain,42410099999
guwahati,2007-09-02,32.9,26.1,28.7,42.5,26.1,33.7,25.5,83.5,0.6,100,8.33,rain,,,,7.6,238.8,1002.8,80,3.6,,,,,2007-09-02T05:02:58,2007-09-02T17:42:22,0.67,"Rain, Partially cloudy",Partly cloudy throughout the day with rain.,rain,42410099999
guwahati,2007-09-03,30.4,26.2,27.4,38.2,26.2,30.1,25.7,90.5,17,100,8.33,rain,,,,7.6,305,1002.6,91.3,3.5,,,,,2007-09-03T05:03:23,2007-09-03T17:41:18,0.71,"Rain, Overcast",Cloudy skies throughout the day with rain.,rain,42410099999
guwahati,2007-09-04,28.1,26.1,27.4,33.4,26.1,31.6,26.2,93.2,16,100,12.5,rain,,,,7.6,50,1001.6,95,3.7,,,,,2007-09-04T05:03:48,2007-09-04T17:40:14,0.75,"Rain, Overcast",Cloudy skies throughout the day with a chance of rain throughout the day.,rain,42410099999
guwahati,2007-09-05,27.1,25.1,25.8,31.1,25.1,26.5,24,89.6,9,100,4.17,rain,,,,11.2,50,1001.3,96.7,3.3,,,,,2007-09-05T05:04:13,2007-09-05T17:39:10,0.78,"Rain, Overcast",Cloudy skies throughout the day with rain clearing later.,rain,42410099999
guwahati,2007-09-06,25.4,23.2,24.8,25.4,23.2,24.8,23.7,94,16,100,16.67,rain,,,,14.8,56.3,1001.4,100,2.8,,,,,2007-09-06T05:04:38,2007-09-06T17:38:05,0.81,"Rain, Overcast",Cloudy skies throughout the day with a chance of rain throughout the day.,rain,42410099999
guwahati,2007-09-07,26.1,24.7,25.3,26.1,24.7,25.3,24.6,96.1,80,100,25,rain,,,,0,,1001.9,100,2,,,,,2007-09-07T05:05:02,2007-09-07T17:37:00,0.85,"Rain, Overcast",Cloudy skies throughout the day with a chance of rain throughout the day.,rain,42410099999
guwahati,2007-09-08,26.4,25.1,25.8,26.4,25.1,25.8,25,95.5,32,100,12.5,rain,,,,0,,1002.3,100,2.3,,,,,2007-09-08T05:05:27,2007-09-08T17:35:55,0.88,"Rain, Overcast",Cloudy skies throughout the day with a chance of rain throughout the day.,rain,42410099999
guwahati,2007-09-09,27.9,25.1,26.5,33.4,25.1,28.2,25.5,94.4,34,100,16.67,rain,,,,0,,1003.1,93.8,2.5,,,,,2007-09-09T05:05:51,2007-09-09T17:34:49,0.92,"Rain, Overcast",Cloudy skies throughout the day with a chance of rain throughout the day.,rain,42410099999
guwahati,2007-09-10,30.1,25.9,28,37.7,25.9,32.3,25.7,87.7,0,0,0,,,,,0,,1003.6,87.1,2.7,,,,,2007-09-10T05:06:16,2007-09-10T17:33:44,0.96,Partially cloudy,Partly cloudy throughout the day.,partly-cloudy-day,42410099999
guwahati,2007-09-11,31.2,26.7,28.6,38.7,26.7,33.6,25.7,84.8,0,0,0,,,,,9.4,352.9,1003,82.5,3.3,,,,,2007-09-11T05:06:40,2007-09-11T17:32:37,0,Partially cloudy,Partly cloudy throughout the day.,partly-cloudy-day,42410099999
guwahati,2007-09-12,32.4,26.1,29.4,41.3,26.1,35.5,25.9,82,0,0,0,,,,,7.6,25,1002.3,68.8,3.5,,,,,2007-09-12T05:07:04,2007-09-12T17:31:31,0.02,Partially cloudy,Partly cloudy throughout the day.,partly-cloudy-day,42410099999
guwahati,2007-09-13,32.9,25.4,28.9,41.7,25.4,34.1,25.6,83.6,7,100,4.17,rain,,,,11.2,360,1003.7,81.7,3.3,,,,,2007-09-13T05:07:28,2007-09-13T17:30:24,0.06,"Rain, Partially cloudy",Partly cloudy throughout the day with early morning rain.,rain,42410099999
guwahati,2007-09-14,32.1,26.7,28.5,41,26.7,33.2,25.9,86.2,0,0,0,,,,,9.4,111,1004.2,68.8,3.8,,,,,2007-09-14T05:07:53,2007-09-14T17:29:18,0.09,Partially cloudy,Partly cloudy throughout the day.,partly-cloudy-day,42410099999
guwahati,2007-09-15,28.4,25.1,26.6,33.7,25.1,28.9,25.3,92.4,32,100,12.5,rain,,,,7.6,200,1004.2,88.8,3.8,,,,,2007-09-15T05:08:17,2007-09-15T17:28:11,0.12,"Rain, Partially cloudy",Partly cloudy throughout the day with a chance of rain throughout the day.,rain,42410099999
guwahati,2007-09-16,31.1,25.4,28.3,38.7,25.4,32.5,25.2,83.9,0,0,0,,,,,5.4,360,1004.2,77.5,4,,,,,2007-09-16T05:08:41,2007-09-16T17:27:04,0.15,Partially cloudy,Partly cloudy throughout the day.,partly-cloudy-day,42410099999
guwahati,2007-09-17,32.4,26.4,29.3,41.7,26.4,34.9,26.1,83.7,0,0,0,,,,,11.2,20.8,1005.5,56.3,4,,,,,2007-09-17T05:09:06,2007-09-17T17:25:57,0.19,Partially cloudy,Partly cloudy throughout the day.,partly-cloudy-day,42410099999
guwahati,2007-09-18,34.1,26.7,28.9,43.9,26.7,33.9,25.7,84,0,0,0,,,,,7.6,58.3,1005.1,66.7,3.7,,,,,2007-09-18T05:09:30,2007-09-18T17:24:50,0.22,Partially cloudy,Partly cloudy throughout the day.,partly-cloudy-day,42410099999
guwahati,2007-09-19,32.4,24.4,29.3,38.8,24.4,34.4,24.8,78,0,0,0,,,,,14.8,16.5,1003.6,28.3,4,,,,,2007-09-19T05:09:54,2007-09-19T17:23:43,0.25,Partially cloudy,Partly cloudy throughout the day.,partly-cloudy-day,42410099999
guwahati,2007-09-20,34.7,26.9,30.8,42.9,30.4,38,25.8,76.1,0,0,0,,,,,11.2,37.1,1003.1,18.3,3.7,,,,,2007-09-20T05:10:19,2007-09-20T17:22:35,0.29,Clear,Clear conditions throughout the day.,clear-day,42410099999
guwahati,2007-09-21,34.4,27.1,30.3,40.8,31.1,35.8,24.8,74.2,0,0,0,,,,,13,66.9,1003.9,24.3,3.7,,,,,2007-09-21T05:10:43,2007-09-21T17:21:28,0.32,Partially cloudy,Partly cloudy throughout the day.,partly-cloudy-day,42410099999
guwahati,2007-09-22,34.1,24.1,28.9,38.3,24.1,31.2,23,73,0,0,0,,,,,11.2,50,1004.8,31.3,3.8,,,,,2007-09-22T05:11:08,2007-09-22T17:20:21,0.35,Partially cloudy,Partly cloudy throughout the day.,partly-cloudy-day,42410099999
guwahati,2007-09-23,33.2,25.1,29.2,36.5,25.1,31.8,22.7,70,0,0,0,,,,,11.2,50,1004.9,68.6,3.4,,,,,2007-09-23T05:11:33,2007-09-23T17:19:14,0.38,Partially cloudy,Partly cloudy throughout the day.,partly-cloudy-day,42410099999
guwahati,2007-09-24,32.1,25.9,29.3,46.5,25.9,35.2,25.5,80.8,0,0,0,,,,,5.4,295,1005.4,81.4,2.9,,,,,2007-09-24T05:11:58,2007-09-24T17:18:07,0.42,Partially cloudy,Partly cloudy throughout the day.,partly-cloudy-day,42410099999
guwahati,2007-09-25,32.1,26.1,28.4,37.2,26.1,31.9,25.1,83.5,0.6,100,4.17,rain,,,,0,,1007.9,85,4,,,,,2007-09-25T05:12:23,2007-09-25T17:17:00,0.45,"Rain, Partially cloudy",Partly cloudy throughout the day with rain clearing later.,rain,42410099999
guwahati,2007-09-26,32.1,25.9,28.2,37.6,25.9,31.4,24.6,82,0,0,0,,,,,0,,1007.4,81.4,3.4,,,,,2007-09-26T05:12:48,2007-09-26T17:15:54,0.48,Partially cloudy,Partly cloudy throughout the day.,partly-cloudy-day,42410099999
guwahati,2007-09-27,32.9,25.4,28,42.5,25.4,31.4,25.3,86,7,100,4.17,rain,,,,9.4,270,1006.2,81.3,3.8,,,,,2007-09-27T05:13:13,2007-09-27T17:14:47,0.5,"Rain, Partially cloudy",Partly cloudy throughout the day with rain.,rain,42410099999
guwahati,2007-09-28,33.1,25.1,28.9,41.6,25.1,33.7,25,80.2,0,0,0,,,,,5.4,50,1006.5,71.3,3.8,,,,,2007-09-28T05:13:39,2007-09-28T17:13:41,0.55,Partially cloudy,Partly cloudy throughout the day.,partly-cloudy-day,42410099999
guwahati,2007-09-29,33.1,26.1,28.9,43.3,26.1,33.6,25.3,82,0,0,0,,,,,7.6,50,1007.9,67.5,4,,,,,2007-09-29T05:14:05,2007-09-29T17:12:35,0.59,Partially cloudy,Partly cloudy throughout the day.,partly-cloudy-day,42410099999
guwahati,2007-09-30,32.9,26.1,28.7,40,26.1,32.2,25,81.6,0,0,0,,,,,11.2,360,1007.4,78.3,3.3,,,,,2007-09-30T05:14:31,2007-09-30T17:11:29,0.62,Partially cloudy,Partly cloudy throughout the day.,partly-cloudy-day,42410099999
guwahati,2007-10-01,32.7,25.1,28.6,40.6,25.1,32.7,25,81.7,2,100,4.17,rain,,,,0,,1004.4,65,3.3,,,,,2007-10-01T05:14:57,2007-10-01T17:10:23,0.65,"Rain, Partially cloudy",Partly cloudy throughout the day with rain clearing later.,rain,42410099999
guwahati,2007-10-02,32.1,25.9,28.5,40,25.9,32.7,25.2,83.1,4,100,4.17,rain,,,,9.4,32.1,1004.3,76.3,3.5,,,,,2007-10-02T05:15:23,2007-10-02T17:09:18,0.69,"Rain, Partially cloudy",Partly cloudy throughout the day with early morning rain.,rain,42410099999
guwahati,2007-10-03,33.4,26.4,29.5,47.5,26.4,36.1,26.2,83,0,0,0,,,,,7.6,20,1005,78.8,3.5,,,,,2007-10-03T05:15:50,2007-10-03T17:08:13,0.75,Partially cloudy,Partly cloudy throughout the day.,partly-cloudy-day,42410099999
guwahati,2007-10-04,34.1,27.1,30.2,43,31.2,37.9,26.5,81.7,0,0,0,,,,,7.6,7.4,1004.8,66.3,2.8,,,,,2007-10-04T05:16:17,2007-10-04T17:07:09,0.76,Partially cloudy,Partly cloudy throughout the day.,partly-cloudy-day,42410099999
guwahati,2007-10-05,35.1,26.7,30.3,45.9,26.7,37.7,26.6,81.4,0,0,0,,,,,9.4,11.1,1003.1,46.3,3.5,,,,,2007-10-05T05:16:44,2007-10-05T17:06:05,0.79,Partially cloudy,Becoming cloudy in the afternoon.,partly-cloudy-day,42410099999
guwahati,2007-10-06,34.9,26.7,30.1,48.9,26.7,38.6,27.2,85,0,0,0,,,,,5.4,337.6,1000.9,60,3.7,,,,,2007-10-06T05:17:11,2007-10-06T17:05:01,0.83,Partially cloudy,Becoming cloudy in the afternoon.,partly-cloudy-day,42410099999
guwahati,2007-10-07,35.1,26.7,29.8,46.1,26.7,35.9,25.7,79.8,0,0,0,,,,,11.2,11.2,999.9,72.5,3.8,,,,,2007-10-07T05:17:39,2007-10-07T17:03:58,0.86,Partially cloudy,Partly cloudy throughout the day.,partly-cloudy-day,42410099999
guwahati,2007-10-08,31.2,25.4,26.9,37.5,25.4,28.2,24.8,88.9,13,100,12.5,rain,,,,11.2,38.9,1002.3,92.5,3,,,,,2007-10-08T05:18:07,2007-10-08T17:02:55,0.9,"Rain, Overcast",Cloudy skies throughout the day with a chance of rain throughout the day.,rain,42410099999
guwahati,2007-10-09,26.1,24.4,25.1,26.1,24.4,25.1,23.9,93,30,100,20.83,rain,,,,18.4,69.6,1005.5,100,2,,,,,2007-10-09T05:18:35,2007-10-09T17:01:53,0.93,"Rain, Overcast",Cloudy skies throughout the day with a chance of rain throughout the day.,rain,42410099999
guwahati,2007-10-10,24.7,23.9,24.3,24.7,23.9,24.3,23.1,93.2,62,100,20.83,rain,,,,7.6,70,1007.5,98.3,2.3,,,,,2007-10-10T05:19:04,2007-10-10T17:00:51,0.97,"Rain, Overcast",Cloudy skies throughout the day with a chance of rain throughout the day.,rain,42410099999
guwahati,2007-10-11,30.1,23.4,26.8,36.7,23.4,28.9,24,85.5,0,0,0,,,,,3.6,320,1009.8,70,3.1,,,,,2007-10-11T05:19:33,2007-10-11T16:59:50,0,Partially cloudy,Partly cloudy throughout the day.,partly-cloudy-day,42410099999
guwahati,2007-10-12,31.1,24.7,27.6,36.4,24.7,30.3,24.3,82.8,0,0,0,,,,,11.2,19.9,1010.3,45.7,2.6,,,,,2007-10-12T05:20:03,2007-10-12T16:58:49,0.04,Partially cloudy,Clearing in the afternoon.,partly-cloudy-day,42410099999
guwahati,2007-10-13,32.1,25.1,28.3,38.5,25.1,31.6,23.9,78.1,0,0,0,,,,,9.4,38.2,1010.5,33.8,3.3,,,,,2007-10-13T05:20:33,2007-10-13T16:57:49,0.07,Partially cloudy,Partly cloudy throughout the day.,partly-cloudy-day,42410099999
guwahati,2007-10-14,31.2,24.2,27.4,35.5,24.2,29.6,23.7,81.5,0,0,0,,,,,11.2,50,1011.3,78.6,3.7,,,,,2007-10-14T05:21:03,2007-10-14T16:56:50,0.1,Partially cloudy,Partly cloudy throughout the day.,partly-cloudy-day,42410099999
guwahati,2007-10-15,30.4,24.4,26.5,35.8,24.4,28,23.6,84.7,1,100,4.17,rain,,,,7.6,92.7,1012,81.3,4,,,,,2007-10-15T05:21:33,2007-10-15T16:55:51,0.14,"Rain, Partially cloudy",Partly cloudy throughout the day with afternoon rain.,rain,42410099999
guwahati,2007-10-16,27.7,24.9,25.8,29.8,24.9,26,22.5,82.6,0,0,0,,,,,11.2,62.8,1010.9,87.5,3,,,,,2007-10-16T05:22:04,2007-10-16T16:54:53,0.17,Partially cloudy,Partly cloudy throughout the day.,partly-cloudy-day,42410099999
guwahati,2007-10-17,27.7,23.1,24.9,30.5,23.1,25.3,23,89.5,3,100,8.33,rain,,,,7.6,39.3,1011.6,67.1,3.1,,,,,2007-10-17T05:22:36,2007-10-17T16:53:56,0.2,"Rain, Partially cloudy",Partly cloudy throughout the day with rain clearing later.,rain,42410099999
guwahati,2007-10-18,27.9,23.2,25.5,31.7,23.2,26.9,23.8,90.8,0.8,100,4.17,rain,,,,5.4,270,1011.7,75,3.8,,,,,2007-10-18T05:23:08,2007-10-18T16:53:00,0.24,"Rain, Partially cloudy",Partly cloudy throughout the day with afternoon rain.,rain,42410099999
guwahati,2007-10-19,30.1,23.7,26.3,37.7,23.7,28.2,23.3,84.5,0,0,0,,,,,0,,1012.4,65,4,,,,,2007-10-19T05:23:40,2007-10-19T16:52:04,0.25,Partially cloudy,Partly cloudy throughout the day.,partly-cloudy-day,42410099999
guwahati,2007-10-20,30.4,22.1,26.3,32.6,22.1,27,21.8,78.3,0,0,0,,,,,9.4,280,1010.8,40,4,,,,,2007-10-20T05:24:13,2007-10-20T16:51:09,0.3,Partially cloudy,Partly cloudy throughout the day.,partly-cloudy-day,42410099999
guwahati,2007-10-21,28.7,20.1,24.4,29.4,20.1,24.8,20.3,79.3,0,0,0,,,,,0,,1011.7,34.3,3.7,,,,,2007-10-21T05:24:46,2007-10-21T16:50:16,0.34,Partially cloudy,Partly cloudy throughout the day.,partly-cloudy-day,42410099999
guwahati,2007-10-22,21.9,21.9,21.9,21.9,21.9,21.9,20.4,91.2,0,0,0,,,,,0,,1011.9,40,2,,,,,2007-10-22T05:25:19,2007-10-22T16:49:22,0.37,Partially cloudy,Partly cloudy throughout the day.,partly-cloudy-day,42410099999
guwahati,2007-10-23,31.1,20.4,25.2,36.8,20.4,26.8,22,83.3,0,0,0,,,,,9.4,50,1012.9,25.7,3.7,,,,,2007-10-23T05:25:53,2007-10-23T16:48:30,0.4,Partially cloudy,Partly cloudy throughout the day.,partly-cloudy-day,42410099999
guwahati,2007-10-24,30.1,20.7,25.2,31.7,20.7,25.9,21.1,79.3,0,0,0,,,,,11.2,32.1,1012.9,15,2.4,,,,,2007-10-24T05:26:28,2007-10-24T16:47:39,0.44,Clear,Clear conditions throughout the day.,clear-day,42410099999
guwahati,2007-10-25,30.7,20.9,25.8,33,20.9,26.9,20.8,75.8,0,0,0,,,,,7.6,50,1012.8,15.7,3.1,,,,,2007-10-25T05:27:03,2007-10-25T16:46:49,0.47,Clear,Clear conditions throughout the day.,clear-day,42410099999
guwahati,2007-10-26,30.4,20.4,25.2,32.7,20.4,26.1,21.2,79.8,0,0,0,,,,,11.2,50,1012,15,3.5,,,,,2007-10-26T05:27:38,2007-10-26T16:45:59,0.5,Clear,Clear conditions throughout the day.,clear-day,42410099999
guwahati,2007-10-27,30.7,20.7,24.5,34.4,20.7,25.6,20.8,81,0,0,0,,,,,5.4,230,1010.5,21.3,3.3,,,,,2007-10-27T05:28:14,2007-10-27T16:45:11,0.54,Partially cloudy,Partly cloudy throughout the day.,partly-cloudy-day,42410099999
guwahati,2007-10-28,30.1,20.2,25.1,32.4,20.2,25.9,20.8,78.6,0,0,0,,,,,7.6,320,1009.6,15,2.8,,,,,2007-10-28T05:28:50,2007-10-28T16:44:24,0.57,Clear,Clear conditions throughout the day.,clear-day,42410099999
guwahati,2007-10-29,30.4,20.4,24.6,32.2,20.4,25.2,20.6,80.2,0,0,0,,,,,11.2,34.3,1009.6,18.6,3.1,,,,,2007-10-29T05:29:27,2007-10-29T16:43:38,0.6,Clear,Clear conditions throughout the day.,clear-day,42410099999
guwahati,2007-10-30,31.4,20.1,25.6,33.7,20.1,26.5,20.9,77.4,0,0,0,,,,,9.4,50,1011.1,32.5,3.3,,,,,2007-10-30T05:30:05,2007-10-30T16:42:53,0.64,Partially cloudy,Partly cloudy throughout the day.,partly-cloudy-day,42410099999
guwahati,2007-10-31,31.4,20.4,25.8,33.9,20.4,26.6,20.8,76.3,0,0,0,,,,,11.2,50,1012,35,3.3,,,,,2007-10-31T05:30:42,2007-10-31T16:42:09,0.67,Partially cloudy,Partly cloudy throughout the day.,partly-cloudy-day,42410099999
guwahati,2007-11-01,30.7,22.1,25.9,33.6,22.1,26.6,21.8,80.3,0,0,0,,,,,11.2,50,1011.4,46.7,2.7,,,,,2007-11-01T05:31:21,2007-11-01T16:41:26,0.71,Partially cloudy,Partly cloudy throughout the day.,partly-cloudy-day,42410099999
guwahati,2007-11-02,30.1,20.4,24.8,32.9,20.4,25.6,21.7,84.3,2,100,4.17,rain,,,,7.6,50,1009.8,42.9,2.6,,,,,2007-11-02T05:31:59,2007-11-02T16:40:44,0.75,"Rain, Partially cloudy",Partly cloudy throughout the day with late afternoon rain.,rain,42410099999
guwahati,2007-11-03,31.4,21.1,26,32.7,21.1,26.9,21.1,76.7,0,0,0,,,,,5.4,50,1010.3,28.6,4,,,,,2007-11-03T05:32:38,2007-11-03T16:40:04,0.77,Partially cloudy,Partly cloudy throughout the day.,partly-cloudy-day,42410099999
guwahati,2007-11-04,32.2,20.9,26.3,37.7,20.9,28,22.1,79,0,0,0,,,,,7.6,14.6,1012,50,2.9,,,,,2007-11-04T05:33:18,2007-11-04T16:39:25,0.81,Partially cloudy,Partly cloudy throughout the day.,partly-cloudy-day,42410099999
guwahati,2007-11-05,29.9,21.4,24.9,33.6,21.4,25.7,21.4,81.5,0,0,0,,,,,7.6,280,1011.3,57.1,3.1,,,,,2007-11-05T05:33:58,2007-11-05T16:38:47,0.84,Partially cloudy,Partly cloudy throughout the day.,partly-cloudy-day,42410099999
guwahati,2007-11-06,31.4,20.1,26,33.3,20.1,26.6,20.1,71.8,0,0,0,,,,,0,,1010.8,30,3.7,,,,,2007-11-06T05:34:38,2007-11-06T16:38:10,0.87,Partially cloudy,Partly cloudy throughout the day.,partly-cloudy-day,42410099999
guwahati,2007-11-07,29.9,20.1,25.1,32.1,20.1,25.9,20.6,77.4,0,0,0,,,,,9.4,67.8,1011.5,42.5,3.5,,,,,2007-11-07T05:35:19,2007-11-07T16:37:34,0.91,Partially cloudy,Partly cloudy throughout the day.,partly-cloudy-day,42410099999
guwahati,2007-11-08,30.1,21.4,25,31.6,21.4,25.6,20.7,79,0,0,0,,,,,9.4,11.1,1011.4,45,2.8,,,,,2007-11-08T05:36:00,2007-11-08T16:37:00,0.94,Partially cloudy,Partly cloudy throughout the day.,partly-cloudy-day,42410099999
guwahati,2007-11-09,28.1,19.7,23.4,30.4,19.7,24,20.5,84.9,3,100,4.17,rain,,,,7.6,50,1011,54.3,2.6,,,,,2007-11-09T05:36:42,2007-11-09T16:36:27,0.98,"Rain, Partially cloudy",Partly cloudy throughout the day with late afternoon rain.,rain,42410099999
guwahati,2007-11-10,31.7,19.4,24.6,33.7,19.4,25.3,20.4,79.6,0,0,0,,,,,11.2,50,1010.8,36.3,3.5,,,,,2007-11-10T05:37:24,2007-11-10T16:35:56,0,Partially cloudy,Partly cloudy throughout the day.,partly-cloudy-day,42410099999
guwahati,2007-11-11,29.4,19.9,24.3,31.2,19.9,24.8,20.6,80.9,0,0,0,,,,,9.4,360,1011.8,33.8,3.8,,,,,2007-11-11T05:38:06,2007-11-11T16:35:26,0.04,Partially cloudy,Partly cloudy throughout the day.,partly-cloudy-day,42410099999
guwahati,2007-11-12,29.1,20.7,25.1,32,20.7,26.1,21,79.4,0,0,0,,,,,13,50,1012.1,20,3.2,,,,,2007-11-12T05:38:49,2007-11-12T16:34:57,0.08,Clear,Partly cloudy throughout the day.,clear-day,42410099999
guwahati,2007-11-13,29.4,20.2,24.1,29.7,20.2,24.3,18.8,74.9,0,0,0,,,,,11.2,51.4,1010.9,10,2.9,,,,,2007-11-13T05:39:32,2007-11-13T16:34:30,0.11,Clear,Clear conditions throughout the day.,clear-day,42410099999
guwahati,2007-11-14,30.1,18.1,24,30.2,18.1,24.1,17.8,71.3,0,0,0,,,,,13,71.6,1010.1,14.3,3.4,,,,,2007-11-14T05:40:15,2007-11-14T16:34:04,0.15,Clear,Clear conditions throughout the day.,clear-day,42410099999
guwahati,2007-11-15,22.4,18.2,20.2,22.4,18.2,20.2,17.9,86.8,0.4,100,4.17,rain,,,,11.2,74.7,1014.3,90,2,,,,,2007-11-15T05:40:59,2007-11-15T16:33:39,0.18,"Rain, Partially cloudy",Partly cloudy throughout the day with afternoon rain.,rain,42410099999
guwahati,2007-11-16,20.4,18.2,19,20.4,18.2,19,17.4,90.6,26.6,100,20.83,rain,,,,11.2,65.4,1014.4,95.7,2.3,,,,,2007-11-16T05:41:42,2007-11-16T16:33:17,0.22,"Rain, Overcast",Cloudy skies throughout the day with a chance of rain throughout the day.,rain,42410099999
guwahati,2007-11-17,22.1,18.4,20.2,22.1,18.4,20.2,18.4,89.5,0,0,0,,,,,9.4,55.3,1014.4,90,2.9,,,,,2007-11-17T05:42:27,2007-11-17T16:32:55,0.25,Partially cloudy,Partly cloudy throughout the day.,partly-cloudy-day,42410099999
guwahati,2007-11-18,27.4,18.9,23.5,28.9,18.9,24.1,19.6,80.4,0,0,0,,,,,9.4,59.3,1013.7,30,3.2,,,,,2007-11-18T05:43:11,2007-11-18T16:32:35,0.25,Partially cloudy,Partly cloudy throughout the day.,partly-cloudy-day,42410099999
guwahati,2007-11-19,28.7,18.1,22.8,30.2,18.1,23.1,19.2,81.6,0,0,0,,,,,9.4,50,1015,17.1,3.4,,,,,2007-11-19T05:43:55,2007-11-19T16:32:16,0.32,Clear,Clear conditions throughout the day.,clear-day,42410099999
guwahati,2007-11-20,27.2,16.4,22.5,28.6,16.4,22.7,19.6,84.9,0,0,0,,,,,3.6,320,1015.1,18.3,2.7,,,,,2007-11-20T05:44:40,2007-11-20T16:31:59,0.35,Clear,Clear conditions throughout the day.,clear-day,42410099999
guwahati,2007-11-21,28.4,18.2,22.9,29.7,18.2,23,19.3,81.8,0,0,0,,,,,9.4,13.8,1014.4,38.8,3.3,,,,,2007-11-21T05:45:25,2007-11-21T16:31:44,0.39,Partially cloudy,Partly cloudy throughout the day.,partly-cloudy-day,42410099999
guwahati,2007-11-22,27.4,18.7,22.8,28.8,18.7,23,19.6,83.2,0,0,0,,,,,7.6,360,1015.1,30,3.1,,,,,2007-11-22T05:46:10,2007-11-22T16:31:30,0.42,Partially cloudy,Partly cloudy throughout the day.,partly-cloudy-day,42410099999
guwahati,2007-11-23,28.1,17.1,22.2,29.2,17.1,22.4,18.5,81.1,0,0,0,,,,,7.6,360,1014.1,14.3,3.7,,,,,2007-11-23T05:46:54,2007-11-23T16:31:17,0.45,Clear,Clear conditions throughout the day.,clear-day,42410099999
guwahati,2007-11-24,26.7,17.1,21.2,26.7,17.1,21.2,18.3,85.1,0,0,0,,,,,9.4,50,1014.5,13.3,2.2,,,,,2007-11-24T05:47:39,2007-11-24T16:31:07,0.5,Clear,Clear conditions throughout the day.,clear-day,42410099999
guwahati,2007-11-25,26.4,17.2,21.6,26.4,17.2,21.6,18.6,84.3,0,0,0,,,,,7.6,50,1014.9,10,2.4,,,,,2007-11-25T05:48:24,2007-11-25T16:30:57,0.52,Clear,Clear conditions throughout the day.,clear-day,42410099999
guwahati,2007-11-26,26.1,16.7,20.7,26.1,16.7,20.7,17.8,84.5,0,0,0,,,,,7.6,50,1015.9,15,2.9,,,,,2007-11-26T05:49:09,2007-11-26T16:30:49,0.56,Clear,Clear conditions throughout the day.,clear-day,42410099999
guwahati,2007-11-27,28.4,16.1,22,28.8,16.1,22,17.1,75.5,0,0,0,,,,,7.6,73.5,1014.3,20,2.8,,,,,2007-11-27T05:49:54,2007-11-27T16:30:43,0.59,Clear,Becoming cloudy in the afternoon.,clear-day,42410099999
guwahati,2007-11-28,27.1,16.9,21.7,29.6,16.9,22.1,18,80.2,0,0,0,,,,,3.6,320,1013.1,30,2.9,,,,,2007-11-28T05:50:39,2007-11-28T16:30:38,0.62,Partially cloudy,Partly cloudy throughout the day.,partly-cloudy-day,42410099999
guwahati,2007-11-29,27.9,15.9,21.3,27.9,15.9,21.3,17.1,79.4,0,0,0,,,,,9.4,22.2,1014.6,32.9,2.9,,,,,2007-11-29T05:51:24,2007-11-29T16:30:35,0.65,Partially cloudy,Partly cloudy throughout the day.,partly-cloudy-day,42410099999
guwahati,2007-11-30,26.9,17.2,21.1,27.5,17.2,21.1,17.6,82.1,0,0,0,,,,,5.4,20,1015.7,36.3,3.3,,,,,2007-11-30T05:52:08,2007-11-30T16:30:34,0.69,Partially cloudy,Partly cloudy throughout the day.,partly-cloudy-day,42410099999
guwahati,2007-12-01,26.2,16.9,20.9,26.2,16.9,20.9,17.4,81.5,0,0,0,,,,,5.4,360,1016.1,37.5,2.8,,,,,2007-12-01T05:52:52,2007-12-01T16:30:34,0.75,Partially cloudy,Partly cloudy throughout the day.,partly-cloudy-day,42410099999
guwahati,2007-12-02,24.9,17.1,20.3,24.9,17.1,20.3,17.3,84,0,0,0,,,,,5.4,32.8,1016.9,55.7,2.4,,,,,2007-12-02T05:53:36,2007-12-02T16:30:35,0.75,Partially cloudy,Partly cloudy throughout the day.,partly-cloudy-day,42410099999
guwahati,2007-12-03,25.1,16.1,20.3,25.1,16.1,20.3,17.5,84.6,0,0,0,,,,,0,,1016.6,40,2,,,,,2007-12-03T05:54:20,2007-12-03T16:30:38,0.79,Partially cloudy,Partly cloudy throughout the day.,partly-cloudy-day,42410099999
guwahati,2007-12-04,25.2,15.9,19.8,25.2,15.9,19.8,16.2,81.5,0,0,0,,,,,7.6,40.5,1017.4,33.8,2,,,,,2007-12-04T05:55:03,2007-12-04T16:30:43,0.82,Partially cloudy,Partly cloudy throughout the day.,partly-cloudy-day,42410099999
guwahati,2007-12-05,24.1,16.9,20,24.1,16.9,20,16.4,80.3,0,0,0,,,,,5.4,50,1020.5,36.3,3,,,,,2007-12-05T05:55:46,2007-12-05T16:30:49,0.85,Partially cloudy,Partly cloudy throughout the day.,partly-cloudy-day,42410099999
guwahati,2007-12-06,25.2,15.4,19.6,25.2,15.4,19.6,14.9,76.5,0,0,0,,,,,5.4,55.4,1019.4,35.7,2.3,,,,,2007-12-06T05:56:29,2007-12-06T16:30:56,0.89,Partially cloudy,Partly cloudy throughout the day.,partly-cloudy-day,42410099999
guwahati,2007-12-07,25.1,13.1,18.4,25.1,13.1,18.4,14.6,80.9,0,0,0,,,,,7.6,43.6,1016,37.5,2.5,,,,,2007-12-07T05:57:11,2007-12-07T16:31:05,0.92,Partially cloudy,Partly cloudy throughout the day.,partly-cloudy-day,42410099999
guwahati,2007-12-08,25.9,13.1,18.9,25.9,13.1,18.9,15.1,80.3,0,0,0,,,,,7.6,360,1014.5,21.4,2.3,,,,,2007-12-08T05:57:53,2007-12-08T16:31:16,0.95,Partially cloudy,Partly cloudy throughout the day.,partly-cloudy-day,42410099999
guwahati,2007-12-09,23.2,14.1,18.2,23.2,14.1,18.2,14.6,80.9,0,0,0,,,,,7.6,50,1014.9,22,2.3,,,,,2007-12-09T05:58:34,2007-12-09T16:31:28,0,Partially cloudy,Partly cloudy throughout the day.,partly-cloudy-day,42410099999
guwahati,2007-12-10,25.1,13.2,19,25.1,13.2,19,15.1,80.1,0,0,0,,,,,5.4,20,1013.6,41.3,2.6,,,,,2007-12-10T05:59:14,2007-12-10T16:31:42,0.02,Partially cloudy,Partly cloudy throughout the day.,partly-cloudy-day,42410099999
guwahati,2007-12-11,25.4,13.2,18.8,25.4,13.2,18.8,14.9,80,0,0,0,,,,,7.6,50,1014,31.3,2.3,,,,,2007-12-11T05:59:54,2007-12-11T16:31:57,0.05,Partially cloudy,Partly cloudy throughout the day.,partly-cloudy-day,42410099999
guwahati,2007-12-12,25.1,13.1,19.2,25.1,13.1,19.2,16.6,86.1,0,0,0,,,,,11.2,50,1013.7,10,2.3,,,,,2007-12-12T06:00:34,2007-12-12T16:32:13,0.09,Clear,Clear conditions throughout the day.,clear-day,42410099999
guwahati,2007-12-13,25.1,13.1,18.7,25.1,13.1,18.7,15.7,83.8,0,0,0,,,,,7.6,50,1013.3,10,2.9,,,,,2007-12-13T06:01:12,2007-12-13T16:32:31,0.12,Clear,Clear conditions throughout the day.,clear-day,42410099999
guwahati,2007-12-14,25.1,13.4,18.5,25.1,13.4,18.5,14.7,79.9,0,0,0,,,,,3.6,360,1012.8,12.9,2.3,,,,,2007-12-14T06:01:50,2007-12-14T16:32:50,0.16,Clear,Clear conditions throughout the day.,clear-day,42410099999
guwahati,2007-12-15,22.2,12.9,17.1,22.2,12.9,17.1,14.8,87.1,0,0,0,,,,,0,,1013.8,20,2.4,,,,,2007-12-15T06:02:27,2007-12-15T16:33:11,0.19,Clear,Partly cloudy throughout the day.,clear-day,42410099999
guwahati,2007-12-16,26.1,13.4,18.6,26.1,13.4,18.6,15,80.7,0,0,0,,,,,7.6,50,1015.6,13.8,2.1,,,,,2007-12-16T06:03:03,2007-12-16T16:33:33,0.23,Clear,Clear conditions throughout the day.,clear-day,42410099999
guwahati,2007-12-17,24.7,12.4,18.5,24.7,12.4,18.5,15.9,86.2,0,0,0,,,,,7.6,50,1015.8,23.8,2.6,,,,,2007-12-17T06:03:39,2007-12-17T16:33:56,0.25,Partially cloudy,Partly cloudy throughout the day.,partly-cloudy-day,42410099999
guwahati,2007-12-18,21.4,12.4,17,21.4,12.4,17,15.7,92.3,0,0,0,,,,,9.4,20,1016.6,15,2,,,,,2007-12-18T06:04:13,2007-12-18T16:34:21,0.3,Clear,Clear conditions throughout the day.,clear-day,42410099999
guwahati,2007-12-19,22.7,13.1,17.2,22.7,13.1,17.2,14.9,87.3,0,0,0,,,,,9.4,360,1015.2,8.3,2.2,,,,,2007-12-19T06:04:47,2007-12-19T16:34:46,0.33,Clear,Clear conditions throughout the day.,clear-day,42410099999
guwahati,2007-12-20,25.1,12.1,17.8,25.1,12.1,17.8,14.5,83,0,0,0,,,,,5.4,50,1014.5,20,2.4,,,,,2007-12-20T06:05:20,2007-12-20T16:35:13,0.37,Clear,Partly cloudy throughout the day.,clear-day,42410099999
guwahati,2007-12-21,24.2,12.7,17.9,24.2,12.7,17.9,14.3,80.8,0,0,0,,,,,7.6,50,1014.1,25.7,2.6,,,,,2007-12-21T06:05:51,2007-12-21T16:35:42,0.4,Partially cloudy,Partly cloudy throughout the day.,partly-cloudy-day,42410099999
guwahati,2007-12-22,23.1,13.1,17.9,23.1,13.1,17.9,14.9,83.3,0,0,0,,,,,0,,1012.4,42.5,1.9,,,,,2007-12-22T06:06:22,2007-12-22T16:36:11,0.44,Partially cloudy,Partly cloudy throughout the day.,partly-cloudy-day,42410099999
guwahati,2007-12-23,24.1,12.1,17.5,24.1,12.1,17.5,15.1,86.6,0,0,0,,,,,9.4,50,1012.2,8.3,2.3,,,,,2007-12-23T06:06:51,2007-12-23T16:36:42,0.47,Clear,Clear conditions throughout the day.,clear-day,42410099999
guwahati,2007-12-24,24.4,11.2,17.6,24.4,11.2,17.6,14.2,82.3,0,0,0,,,,,0,,1011.7,10,2.1,,,,,2007-12-24T06:07:20,2007-12-24T16:37:13,0.5,Clear,Clear conditions throughout the day.,clear-day,42410099999
guwahati,2007-12-25,24.9,13.1,18.5,24.9,13.1,18.5,14.4,79,0,0,0,,,,,0,,1011.7,18.6,2.3,,,,,2007-12-25T06:07:47,2007-12-25T16:37:46,0.54,Clear,Clear conditions throughout the day.,clear-day,42410099999
guwahati,2007-12-26,25.2,13.1,18,25.2,13.1,18,14.8,82.8,0,0,0,,,,,0,,1013.6,15,2.3,,,,,2007-12-26T06:08:13,2007-12-26T16:38:20,0.57,Clear,Clear conditions throughout the day.,clear-day,42410099999
guwahati,2007-12-27,26.1,12.4,17.5,26.1,12.4,17.5,15.4,88.1,0,0,0,,,,,0,,1012.8,10,2.1,,,,,2007-12-27T06:08:38,2007-12-27T16:38:55,0.6,Clear,Clear conditions throughout the day.,clear-day,42410099999
guwahati,2007-12-28,26.9,13.9,18.9,26.9,13.9,18.9,14.3,78.2,0,0,0,,,,,9.4,50,1011.3,10,1.8,,,,,2007-12-28T06:09:01,2007-12-28T16:39:30,0.64,Clear,Clear conditions throughout the day.,clear-day,42410099999
guwahati,2007-12-29,25.1,14.7,18.6,25.1,14.7,18.6,15.9,85.5,0,0,0,,,,,5.4,50,1011.9,23.8,1.8,,,,,2007-12-29T06:09:24,2007-12-29T16:40:07,0.67,Partially cloudy,Partly cloudy throughout the day.,partly-cloudy-day,42410099999
guwahati,2007-12-30,25.2,14.1,18.9,25.2,14.1,18.9,15.3,81,0,0,0,,,,,5.4,360,1012.5,17.5,2,,,,,2007-12-30T06:09:45,2007-12-30T16:40:45,0.7,Clear,Clear conditions throughout the day.,clear-day,42410099999
guwahati,2007-12-31,24.4,13.1,18.1,24.4,13.1,18.1,14.6,81.6,0,0,0,,,,,0,,1013.1,10,2,,,,,2007-12-31T06:10:05,2007-12-31T16:41:23,0.75,Clear,Clear conditions throughout the day.,clear-day,42410099999
